pmid,tier,model,verdict,domains,reason,parse_error,error,latency_s,cost_usd,call_started_utc
32379808,opus48,claude-opus-4-8,Maybe,D3,Measures loot box exposure prevalence but focuses on monetisation economics without behavioral or psychological measures; full-text review needed.,,,6.81,0.204165,2026-06-03T23:17:38.540417+00:00
31129456,opus48,claude-opus-4-8,Include,D3,Peer-reviewed empirical study on loot box purchasing linked to problem gaming and gambling severity in adult gamers.,,,7.2,0.203003,2026-06-03T23:17:38.543231+00:00
40161348,opus48,claude-opus-4-8,Include,D3|Cross-domain,Peer-reviewed validation of a loot box risk scale linking loot box behavior to gambling and gaming disorder constructs.,,,7.45,0.20604,2026-06-03T23:17:38.540521+00:00
38890438,opus48,claude-opus-4-8,Include,D3,"Peer-reviewed empirical study measuring loot box and microtransaction spending with risky loot box use, directly relevant to gacha/loot-box collecting.",,,8.29,0.203809,2026-06-03T23:17:38.540218+00:00
39264722,opus48,claude-opus-4-8,Maybe,D3,IGD study mentions loot box microtransactions as risky behavior but does not centrally examine hoarding or collecting constructs; full-text needed.,,,9.15,0.175338,2026-06-03T23:17:38.540352+00:00
33560241,opus48,claude-opus-4-8,Include,D3,Peer-reviewed empirical study of adolescent loot box purchasing linked to problem gaming in a Japanese population sample.,,,3.88,0.189577,2026-06-03T23:17:45.346997+00:00
32822251,opus48,claude-opus-4-8,Include,D3|Cross-domain,Empirical survey examining loot boxes and microtransactions linking problematic gaming to gambling disorder in emerging adults.,,,3.68,0.173707,2026-06-03T23:17:45.987621+00:00
34413815,opus48,claude-opus-4-8,Maybe,D3,"Empirical study on in-game purchases and loot box spending, but focuses on psychosocial adjustment rather than collecting or hoarding behavior specifically.",,,4.06,0.174776,2026-06-03T23:17:45.745392+00:00
37594878,opus48,claude-opus-4-8,Include,D3|Cross-domain,Empirical survey linking loot box spending to OCD and hoarding symptomatology in gamers.,,,11.29,0.1708,2026-06-03T23:17:38.540290+00:00
31881408,opus48,claude-opus-4-8,Include,D3|Cross-domain,"Empirical survey linking loot box engagement to problem gambling severity in adolescent gamers, directly relevant to gacha/loot-box collecting.",,,4.13,0.188359,2026-06-03T23:17:46.834993+00:00
35085370,opus48,claude-opus-4-8,Include,D3|Cross-domain,"Peer-reviewed scoping review of loot box engagement linked to problematic gaming and gambling, matching D3 and hoarding-related constructs.",,,4.32,0.315503,2026-06-03T23:17:47.688617+00:00
38603322,opus48,claude-opus-4-8,Exclude,,"Study examines locative gaming behavior and microtransaction spending during COVID-19, with no hoarding, collecting, or accumulation construct.",,,3.81,0.189577,2026-06-03T23:17:49.809364+00:00
38148441,opus48,claude-opus-4-8,Maybe,D3,Examines loot box prevalence in children's mobile games but focuses on monetization/gambling normalization; full-text needed to confirm behavioral measures.,,,4.09,0.169544,2026-06-03T23:17:49.825656+00:00
31978759,opus48,claude-opus-4-8,Include,D3,"Empirical study of Fortnite microtransaction and loot box spending behavior, examining psychological and social predictors of in-game purchasing.",,,4.82,0.172375,2026-06-03T23:17:49.663052+00:00
32106893,opus48,claude-opus-4-8,Exclude,,"Study examines gaming disorder epidemiology and motives, not hoarding, loot box collecting, or any target accumulation behavior; microtransaction use only descriptively noted.",,,7.48,0.174325,2026-06-03T23:17:49.226201+00:00
35058842,opus48,claude-opus-4-8,Exclude,,"Studies cosmetic microtransactions' effect on avatar identification and performance, not item hoarding, collecting, or loss aversion constructs.",,,5.98,0.169732,2026-06-03T23:17:50.968757+00:00
36274342,opus48,claude-opus-4-8,Include,D3,Peer-reviewed empirical study linking loot box purchasing and microtransaction engagement to gaming disorder in adolescents.,,,4.71,0.174082,2026-06-03T23:17:53.617756+00:00
39302638,opus48,claude-opus-4-8,Include,D3|Cross-domain,"Peer-reviewed empirical study on problematic loot box use mediating gaming and gambling disorders, directly relevant to gacha/loot-box collecting.",,,5.39,0.176744,2026-06-03T23:17:53.914042+00:00
35990074,opus48,claude-opus-4-8,Include,D3|Cross-domain,Empirical survey linking gacha purchasing behavior and motives to problem gambling risk in young adult gamers.,,,5.14,0.174757,2026-06-03T23:17:54.485461+00:00
37151299,opus48,claude-opus-4-8,Include,D3,"Peer-reviewed empirical study measuring loot box consumption prevalence among adolescents, directly relevant to gacha/loot box collecting behavior.",,,3.92,0.169451,2026-06-03T23:17:56.949514+00:00
36497782,opus48,claude-opus-4-8,Maybe,D3,"F2P microtransaction spending and IGD; relevant to gacha/loot-box collecting but focuses on spending motives, needs full-text to confirm behavioral hoarding link.",,,4.44,0.172263,2026-06-03T23:17:56.706218+00:00
41140132,opus48,claude-opus-4-8,Exclude,,Editorial without original data; excluded under exclusion criterion 4 despite loot box subject matter.,,,9.55,0.168232,2026-06-03T23:17:52.006325+00:00
35733406,opus48,claude-opus-4-8,Exclude,,"Study examines sex differences in competitiveness in MMORPGs, not hoarding, collecting, or loss aversion behaviors within scope.",,,3.94,0.172844,2026-06-03T23:17:58.330465+00:00
32514653,opus48,claude-opus-4-8,Include,D3,Empirical study of loot box purchasing behavior and its relationship to gambling risk and protective factors in youth gamers.,,,3.42,0.168232,2026-06-03T23:17:59.301803+00:00
41842938,opus48,claude-opus-4-8,Maybe,D1|D3|Cross-domain,Conceptual paper linking gacha sunk-cost and loss aversion to gaming persistence; full-text review needed to confirm original empirical data.,,,4.71,0.169957,2026-06-03T23:17:59.629263+00:00
33578105,opus48,claude-opus-4-8,Include,D3|Cross-domain,"Peer-reviewed empirical study of loot box spending correlated with problem gambling, directly matching gacha/loot-box collecting and gambling-link constructs.",,,4.04,0.174963,2026-06-03T23:18:01.148956+00:00
40211461,opus48,claude-opus-4-8,Exclude,,Critiques LGBTQ+ commodification via microtransactions but focuses on monetization economics without behavioral or psychological hoarding/collecting measures.,,,4.37,0.167819,2026-06-03T23:18:00.865310+00:00
31681510,opus48,claude-opus-4-8,Include,D3|Cross-domain,Empirical before-after study linking loot box spending to problem gambling severity in a real game.,,,3.34,0.171382,2026-06-03T23:18:02.266358+00:00
40307922,opus48,claude-opus-4-8,Include,D3|Cross-domain,"Longitudinal study of loot box spending predicting gambling migration in young adult gamers, linking loot box behavior to gambling.",,,4.83,0.174401,2026-06-03T23:18:01.553736+00:00
38126068,opus48,claude-opus-4-8,Include,D3|Cross-domain,"Pre-registered empirical survey of loot box purchasers linking engagement to problem gambling, impulsivity, and compulsion motivations.",,,4.76,0.172694,2026-06-03T23:18:02.720456+00:00
38557083,opus48,claude-opus-4-8,Include,D3,"Peer-reviewed empirical IRT study measuring risky loot box use among adolescents, directly relevant to gacha/loot box collecting behavior.",,,4.0,0.18121,2026-06-03T23:18:04.337696+00:00
33604174,opus48,claude-opus-4-8,Include,D3|Cross-domain,Peer-reviewed empirical study examining loot box spending and its association with problem gambling symptomology in gamers.,,,3.97,0.174175,2026-06-03T23:18:05.239078+00:00
37729858,opus48,claude-opus-4-8,Include,D3|Cross-domain,Empirical survey linking loot box spending to problem gambling and risk factors in Chinese players.,,,3.99,0.173238,2026-06-03T23:18:05.605062+00:00
32306232,opus48,claude-opus-4-8,Maybe,D3,"Systematic review on virtual communities in monetary gaming touches microtransactions, but focus is gambling/social interaction; full-text needed to confirm loot-box relevance.",,,5.25,0.174344,2026-06-03T23:18:05.188464+00:00
35129238,opus48,claude-opus-4-8,Include,D3,"Peer-reviewed empirical study measuring loot box purchasing behavior and socioeconomic correlates in UK gamers, directly relevant to gacha/loot-box collecting.",,,3.81,0.176332,2026-06-03T23:18:08.342736+00:00
31030176,opus48,claude-opus-4-8,Include,D3,Peer-reviewed empirical study on loot box engagement linked to problematic gambling and gambling-related cognitions in gamers.,,,4.26,0.172282,2026-06-03T23:18:09.208359+00:00
39607381,opus48,claude-opus-4-8,Include,D3,Empirical study examining risky loot box purchasing as a mediator between problem gaming and problem gambling.,,,3.3,0.188471,2026-06-03T23:18:10.438515+00:00
38179078,opus48,claude-opus-4-8,Include,D3|Cross-domain,"Peer-reviewed empirical study examining loot box engagement and its links to problem gambling, gaming, and impulsivity constructs.",,,4.17,0.172938,2026-06-03T23:18:09.595973+00:00
33886033,opus48,claude-opus-4-8,Exclude,,"Study examines gaming motivations and autistic traits predicting playtime, not hoarding behaviors; completionism appears only as a motivation scale label, not a studied construct.",,,6.35,0.16855,2026-06-03T23:18:07.480857+00:00
40945152,opus48,claude-opus-4-8,Maybe,D3,"Loot box compliance content analysis is regulatory/economic with no behavioral or psychological measures, so eligibility needs full-text review.",,,8.66,0.200744,2026-06-03T23:18:06.379534+00:00
34882238,opus48,claude-opus-4-8,Include,D3|Cross-domain,"Empirical survey of loot box purchasing linked to gambling, guilt, loss of control, and emotional distress.",,,4.32,0.170538,2026-06-03T23:18:12.150745+00:00
34945245,opus48,claude-opus-4-8,Include,D3,"Peer-reviewed validation of a scale measuring motivations for loot box purchasing, directly examining loot box engagement behavior.",,,3.73,0.188678,2026-06-03T23:18:13.736174+00:00
33012944,opus48,claude-opus-4-8,Exclude,,"Studies psychological ownership for in-game advertising effectiveness, not virtual item hoarding or any of the five behavioral domains.",,,4.28,0.169525,2026-06-03T23:18:13.764595+00:00
36998766,opus48,claude-opus-4-8,Exclude,,"Studies loot box warning-label regulatory compliance, not player behavioral or psychological measures; falls outside scope.",,,4.84,0.173669,2026-06-03T23:18:13.466262+00:00
40839469,opus48,claude-opus-4-8,Include,D3|Cross-domain,"Empirical survey linking loot box spending to problem gambling, directly matching gacha/loot box collecting domain with gambling construct.",,,5.14,0.174663,2026-06-03T23:18:13.835270+00:00
36623473,opus48,claude-opus-4-8,Maybe,D3,"Esports betting study includes risky loot box use measure, but focus is gambling profiles; full-text review needed for loot box relevance.",,,5.14,0.172207,2026-06-03T23:18:15.043871+00:00
41179232,opus48,claude-opus-4-8,Exclude,,Vaccine production and access policy in Africa; no game component or hoarding-behavior construct relevant to the review.,,,4.28,0.187328,2026-06-03T23:18:17.464089+00:00
30845155,opus48,claude-opus-4-8,Include,D3|Cross-domain,Peer-reviewed empirical survey linking loot box spending to problem gambling severity in gamers.,,,3.7,0.170913,2026-06-03T23:18:18.048653+00:00
34267563,opus48,claude-opus-4-8,Exclude,,"Study on WeChat users' valuation of personal information, no game component despite endowment effect and psychological ownership.",,,3.79,0.169338,2026-06-03T23:18:18.302768+00:00
35834117,opus48,claude-opus-4-8,Include,D3,"Pre-registered empirical study of loot box purchasing versus earning harms in Overwatch, directly examining loot box collecting behavior.",,,5.96,0.171175,2026-06-03T23:18:16.474686+00:00
40369012,opus48,claude-opus-4-8,Maybe,D3,"Peer-reviewed empirical study on loot box content engagement via YouTube, but measures viewer engagement rather than direct in-game collecting behavior.",,,3.93,0.170575,2026-06-03T23:18:18.977274+00:00
35381433,opus48,claude-opus-4-8,Include,D3|Cross-domain,Peer-reviewed empirical study examining loot box engagement and its association with problem gambling scores in video gamers.,,,3.73,0.173125,2026-06-03T23:18:21.750146+00:00
30940247,opus48,claude-opus-4-8,Exclude,,Commentary on incentive-hope theory in slot machine gambling without loot box or gacha game mechanic component.,,,3.86,0.165025,2026-06-03T23:18:21.749151+00:00
35933619,opus48,claude-opus-4-8,Include,D3|Cross-domain,Peer-reviewed empirical survey of loot box expenditure and its links to gambling and impulsiveness among PRC players.,,,5.31,0.174382,2026-06-03T23:18:22.437959+00:00
41556971,opus48,claude-opus-4-8,Exclude,,"Commentary without original data; advocates studying non-digital gaming, meeting exclusion criterion 4 for opinion pieces.",,,5.24,0.171775,2026-06-03T23:18:22.903547+00:00
31312481,opus48,claude-opus-4-8,Include,D3|Cross-domain,Peer-reviewed empirical survey linking adolescent loot box spending to problem gambling with purchase motivations.,,,6.32,0.1708,2026-06-03T23:18:22.090707+00:00
40569695,opus48,claude-opus-4-8,Exclude,,"Studies loot box advertising compliance and regulation, not behavioral or psychological measures of hoarding or collecting behavior.",,,8.61,0.17305,2026-06-03T23:18:20.184879+00:00
31760581,opus48,claude-opus-4-8,Include,D3|Cross-domain,"Empirical study of loot box reward reactivity, linking rare-item collecting behavior to gambling and excessive-use constructs.",,,4.53,0.171832,2026-06-03T23:18:25.613070+00:00
36202911,opus48,claude-opus-4-8,Include,D3|D1,"Empirical study of loot box reward exposure effects on risk-taking, linking loot box engagement to problem gambling and loss aversion.",,,4.7,0.172282,2026-06-03T23:18:25.483630+00:00
41058647,opus48,claude-opus-4-8,Include,D3,Peer-reviewed empirical study of gacha gaming behaviors and expenses linked to problem gambling risk among young adults.,,,3.72,0.175169,2026-06-03T23:18:27.746291+00:00
34121958,opus48,claude-opus-4-8,Include,D3,Empirical study of regular gamers measuring loot box involvement and expenditure in relation to gaming disorder and harm.,,,4.31,0.1705,2026-06-03T23:18:28.142017+00:00
32203522,opus48,claude-opus-4-8,Include,D3|Cross-domain,Peer-reviewed cross-national survey linking loot box spending to problem gambling and gaming symptoms with psychological measures.,,,4.08,0.172976,2026-06-03T23:18:28.411877+00:00
35954678,opus48,claude-opus-4-8,Exclude,,Opinion/policy commentary on video game regulation without original behavioral or psychological data; editorial outside scope.,,,4.07,0.170069,2026-06-03T23:18:28.798596+00:00
36975230,opus48,claude-opus-4-8,Maybe,D4,"Examines psychological ownership of mobile games but focuses on in-app purchasing intention, not virtual item hoarding; full-text needed.",,,4.07,0.173932,2026-06-03T23:18:30.143468+00:00
35397261,opus48,claude-opus-4-8,Include,D3|Cross-domain,"Peer-reviewed empirical survey linking loot box engagement to problem gambling, impulsivity, and harms, directly within gacha/loot-box collecting scope.",,,4.22,0.174382,2026-06-03T23:18:30.188753+00:00
34258146,opus48,claude-opus-4-8,Include,D3|Cross-domain,"Systematic review of loot box purchasing linked to gaming disorder and gambling symptoms, directly matching gacha/loot box collecting domain.",,,4.55,0.173632,2026-06-03T23:18:31.467361+00:00
40887505,opus48,claude-opus-4-8,Include,D3,"Peer-reviewed empirical study examining loot box spending and risky engagement, directly relevant to gacha/loot-box collecting behavior.",,,3.66,0.170369,2026-06-03T23:18:34.407211+00:00
40730840,opus48,claude-opus-4-8,Exclude,,"Studies psychological ownership in environmental serious games for pro-environmental behavior, not virtual item hoarding or any in-game accumulation construct.",,,4.29,0.172638,2026-06-03T23:18:34.211260+00:00
29952052,opus48,claude-opus-4-8,Maybe,D3|Cross-domain,"Discusses loot box monetization and internet gaming disorder, but appears to be a commentary without original data; full-text review needed.",,,6.11,0.180221,2026-06-03T23:18:32.448563+00:00
35434248,opus48,claude-opus-4-8,Include,D3|Cross-domain,"Peer-reviewed systematic review linking loot box microtransactions to gaming disorder and gambling, matching gacha/loot-box collecting domain.",,,6.33,0.174607,2026-06-03T23:18:32.495770+00:00
34068271,opus48,claude-opus-4-8,Include,D3|Cross-domain,Peer-reviewed qualitative study on loot box purchasing motivations linking engagement to disordered gambling and psychological item valuation.,,,6.6,0.171513,2026-06-03T23:18:32.873184+00:00
40980049,opus48,claude-opus-4-8,Exclude,,Commentary without original data; excluded as editorial/commentary piece per exclusion criterion 4.,,,4.02,0.179134,2026-06-03T23:18:38.499474+00:00
38868486,opus48,claude-opus-4-8,Maybe,D3|Cross-domain,"Case report on gaming disorder with excessive gacha/loot box spending; single-case may not meet empirical-study threshold, needs full-text check.",,,5.32,0.169919,2026-06-03T23:18:38.066035+00:00
34857367,opus48,claude-opus-4-8,Exclude,,"Pure gambling and behavioral-addiction prevalence study with no loot box, gacha, or game-item hoarding mechanic component.",,,4.34,0.18924,2026-06-03T23:18:39.477472+00:00
28439243,opus48,claude-opus-4-8,Exclude,,"Narrative review of behavioural addictions broadly; no specific focus on game item hoarding, loot box, completionism, or accumulation domains.",,,8.46,0.172976,2026-06-03T23:18:36.020342+00:00
41670808,opus48,claude-opus-4-8,Include,D3|Cross-domain,Peer-reviewed empirical study of risky loot box use linking gaming behavior to gambling and gaming disorder constructs.,,,5.98,0.174513,2026-06-03T23:18:38.556155+00:00
37756294,opus48,claude-opus-4-8,Exclude,,"Studies loot box probability disclosure regulation and compliance, not collecting behavior or psychological measures of player accumulation.",,,8.04,0.171363,2026-06-03T23:18:38.829763+00:00
35711134,opus48,claude-opus-4-8,Exclude,,"ERP study of Vickrey auction bidding for household items; loss aversion is auction/retail economics, not a game mechanic or game context.",,,3.95,0.172751,2026-06-03T23:18:43.818766+00:00
37809949,opus48,claude-opus-4-8,Maybe,D4,"Examines psychological ownership in playful consumption but focuses on consumer happiness, not virtual item hoarding; full-text needed to confirm game-item relevance.",,,5.56,0.179579,2026-06-03T23:18:42.524687+00:00
41115014,opus48,claude-opus-4-8,Exclude,,"Terminology review of internet-use disorders broadly; no game item hoarding, loot box, completionism, or accumulation behavioral focus.",,,4.15,0.186465,2026-06-03T23:18:44.477698+00:00
31007537,opus48,claude-opus-4-8,Exclude,,Labor-market gift-exchange economics study with no game component; loss aversion here is unrelated to any in-game behavior.,,,5.67,0.168663,2026-06-03T23:18:43.386320+00:00
40935821,opus48,claude-opus-4-8,Exclude,,"Study of cognitive biases in beach volleyball, a physical sport, with no digital game or hoarding-behavior component.",,,4.85,0.171513,2026-06-03T23:18:44.539744+00:00
40727402,opus48,claude-opus-4-8,Include,D3,"Peer-reviewed empirical reanalysis of loot box spending and psychological distress, directly examining loot box purchasing behavior with gambling-harm links.",,,3.68,0.17185,2026-06-03T23:18:46.873918+00:00
40438542,opus48,claude-opus-4-8,Exclude,,"Examines loot box regulatory compliance and policy enforcement, not behavioral or psychological measures of collecting or hoarding.",,,3.87,0.189934,2026-06-03T23:18:47.773146+00:00
40596161,opus48,claude-opus-4-8,Exclude,,Evolutionary game-theory study of electronic health record integration; uses prospect theory and loss aversion but no digital game component.,,,4.5,0.171232,2026-06-03T23:18:48.083758+00:00
36748997,opus48,claude-opus-4-8,Exclude,,"fMRI study of loss aversion in monetary gambles for self versus others, with no game mechanic or game context.",,,4.13,0.170688,2026-06-03T23:18:49.385272+00:00
38526451,opus48,claude-opus-4-8,Exclude,,Hospital logistics and clinical care study about COVID-19; no game component or hoarding-behavior relevance whatsoever.,,,3.5,0.169451,2026-06-03T23:18:50.556649+00:00
39430791,opus48,claude-opus-4-8,Maybe,D3,"Examines microtransactions in digital games but focus is gambling convergence, not loot box/gacha collecting per se; full-text review needed.",,,5.65,0.173426,2026-06-03T23:18:48.623782+00:00
33662153,opus48,claude-opus-4-8,Exclude,,"Studies sunk cost fallacy in NHL draft decisions, not a digital game or any in-game hoarding behavior.",,,4.31,0.171082,2026-06-03T23:18:51.645152+00:00
29435822,opus48,claude-opus-4-8,Exclude,,"Simulated gambling-to-money gambling gateway study; no loot box/gacha game mechanic or hoarding construct, pure gambling scope.",,,3.49,0.173613,2026-06-03T23:18:52.580919+00:00
37159337,opus48,claude-opus-4-8,Include,D3,Peer-reviewed scoping review synthesizing empirical research on loot boxes and gambling-like activities associated with gaming behaviors.,,,8.0,0.18954,2026-06-03T23:18:49.053357+00:00
17716180,opus48,claude-opus-4-8,Exclude,,"Paper concerns nanomedicine patents and pharma R&D; no game component or hoarding behavior, entirely outside review scope.",,,4.23,0.173163,2026-06-03T23:18:54.277365+00:00
29443045,opus48,claude-opus-4-8,Exclude,,"Medical study on platelet transfusion inventory screening; no game component or hoarding behavior, entirely outside scope.",,,4.99,0.170407,2026-06-03T23:18:53.514756+00:00
33547599,opus48,claude-opus-4-8,Exclude,,"Genetics review of OCD-related disorders; gaming mentioned only as PUI phenotype, no in-game hoarding behavior or game mechanic examined.",,,5.0,0.186671,2026-06-03T23:18:54.060259+00:00
29434043,opus48,claude-opus-4-8,Exclude,,"Studies loss aversion in chess via personal-best reference points, not in-game item retention, hoarding, or collecting behavior within scope.",,,3.75,0.165438,2026-06-03T23:18:55.959464+00:00
26500478,opus48,claude-opus-4-8,Exclude,,"tDCS treatment review for behavioral/food addictions; no game item retention, hoarding, or collecting behavior examined despite mentioning video game addiction.",,,4.39,0.172169,2026-06-03T23:18:57.052292+00:00
32502525,opus48,claude-opus-4-8,Exclude,,"Opinion paper on food waste in industry; no game component and not original data, outside review scope.",,,6.72,0.168851,2026-06-03T23:18:56.073648+00:00
31798507,opus48,claude-opus-4-8,Exclude,,"Study on MLB player developmental pathways, unrelated to digital games or hoarding behaviors.",,,4.32,0.173144,2026-06-03T23:18:58.503193+00:00
38483865,opus48,claude-opus-4-8,Exclude,,"Studies endowment effect in real-world AFL draft-pick trading, not a digital game context or virtual item hoarding.",,,5.69,0.167913,2026-06-03T23:18:58.507064+00:00
36134206,opus48,claude-opus-4-8,Include,D3,"Peer-reviewed psychometric study validating a loot box consumption instrument, directly relevant to gacha/loot box collecting behavior.",,,3.93,0.174551,2026-06-03T23:19:01.445016+00:00
24327374,opus48,claude-opus-4-8,Exclude,,Ethics/conceptual editorial on DSM-5 nosology with no original data or game-behavior component.,,,6.19,0.172075,2026-06-03T23:18:59.705986+00:00
36495471,opus48,claude-opus-4-8,Exclude,,"Review of internet-based interventions for behavioral addictions, focused on treatment effectiveness, not game item hoarding or collecting behaviors.",,,8.57,0.173782,2026-06-03T23:18:59.061496+00:00
30955212,opus48,claude-opus-4-8,Maybe,D3,Reply/commentary on loot box overspending without abstract or clear original data; full-text review needed to confirm empirical content.,,,4.82,0.179584,2026-06-03T23:19:02.826316+00:00
32989778,opus48,claude-opus-4-8,Exclude,,"Medical report on COVID-19 convalescent plasma logistics; no game component or hoarding behavior, entirely outside review scope.",,,4.86,0.172507,2026-06-03T23:19:02.790093+00:00
34992568,opus48,claude-opus-4-8,Exclude,,Study on knowledge hiding and personality traits in organizations; no game component or hoarding behavior in games.,,,3.91,0.170707,2026-06-03T23:19:04.193798+00:00
34706058,opus48,claude-opus-4-8,Exclude,,Ecology study on seed dispersal and rodent scatter hoarding; no digital game or hoarding-behavior component.,,,4.01,0.173913,2026-06-03T23:19:05.379764+00:00
41037849,opus48,claude-opus-4-8,Maybe,D3,"Examines game-related overspending including in-game microtransactions, but focus is gaming disorder/spending rather than collecting or hoarding behavior; full-text needed.",,,6.05,0.172282,2026-06-03T23:19:05.899801+00:00
40219036,opus48,claude-opus-4-8,Exclude,,"Studies food addiction across behavioral addictions; gaming disorder mentioned only as sample, no game-item hoarding or collecting behavior examined.",,,4.53,0.175319,2026-06-03T23:19:08.100547+00:00
39851819,opus48,claude-opus-4-8,Exclude,,"General problematic gaming scale validation; no hoarding, collecting, completionism, or accumulation behavior measured.",,,5.2,0.169657,2026-06-03T23:19:07.648088+00:00
32353204,opus48,claude-opus-4-8,Maybe,D3,Single case report of microtransaction spending in gaming disorder; relevance to gacha/loot-box collecting needs full-text review to confirm.,,,5.62,0.17005,2026-06-03T23:19:07.633838+00:00
35991334,opus48,claude-opus-4-8,Include,D3|Cross-domain,"Empirical survey linking loot box spending to problem gambling in games, directly relevant to gacha/loot-box collecting behavior.",,,6.13,0.171344,2026-06-03T23:19:07.647991+00:00
37209127,opus48,claude-opus-4-8,Maybe,D1,"Examines loss aversion in IGD patients but uses a gambling task, not clearly game-context loss aversion; full-text review needed.",,,4.77,0.173632,2026-06-03T23:19:09.391068+00:00
36941849,opus48,claude-opus-4-8,Exclude,,"Study examines sedative/hypnotic use and behavioral addictions broadly, with no focus on in-game hoarding, collecting, or accumulation behaviors.",,,3.86,0.172807,2026-06-03T23:19:11.954584+00:00
41822430,opus48,claude-opus-4-8,Exclude,,"Studies food addiction and behavioral addictions broadly; no in-game hoarding, loot box, or collecting behavior examined.",,,4.27,0.173069,2026-06-03T23:19:12.843299+00:00
39659159,opus48,claude-opus-4-8,Exclude,,"Narrative review of behavioral addictions broadly; no focus on hoarding, collecting, or any specific in-game accumulation behavior.",,,5.61,0.172507,2026-06-03T23:19:13.255562+00:00
33028074,opus48,claude-opus-4-8,Exclude,,"Gaming disorder prevalence meta-analysis with no focus on hoarding, collecting, completionism, or any of the five behavioral domains.",,,5.49,0.174476,2026-06-03T23:19:14.156617+00:00
36814178,opus48,claude-opus-4-8,Exclude,,"Studies childhood trauma and behavioral addictions broadly; no in-game hoarding, loot box, or game-specific accumulation behavior examined.",,,6.13,0.171944,2026-06-03T23:19:13.782901+00:00
38197896,opus48,claude-opus-4-8,Maybe,D3,"Examines in-game purchases and loot box charges related to gaming disorder, but focus is GD severity, not hoarding/collecting behavior; full-text needed.",,,4.18,0.173088,2026-06-03T23:19:15.815872+00:00
34899207,opus48,claude-opus-4-8,Exclude,,"Delay discounting meta-analysis on behavioral addictions broadly; no in-game hoarding, loot box, or item-retention behavioral component examined.",,,3.73,0.190834,2026-06-03T23:19:17.115592+00:00
36587418,opus48,claude-opus-4-8,Exclude,,"Studies behavioral addictions and OC features broadly without examining game item hoarding, loot box, or collecting mechanics.",,,8.56,0.174232,2026-06-03T23:19:12.631121+00:00
28918416,opus48,claude-opus-4-8,Exclude,,"National addiction survey methodology paper; no game item retention, loot box, or hoarding behavioral focus within scope.",,,4.21,0.190853,2026-06-03T23:19:19.914749+00:00
36606732,opus48,claude-opus-4-8,Maybe,D3,Primarily a gambling-severity study but includes loot box purchase and skin betting as game-mechanic activities; full-text needed to assess loot-box behavioral relevance.,,,4.57,0.176857,2026-06-03T23:19:20.000634+00:00
31971427,opus48,claude-opus-4-8,Maybe,D1,"Measures loss aversion in IGD adolescents via gambling task, but assesses general loss sensitivity rather than in-game item retention or hoarding behavior.",,,5.96,0.173575,2026-06-03T23:19:18.862199+00:00
36864740,opus48,claude-opus-4-8,Exclude,,Debate/opinion piece on research collaboration ethics without original data; an editorial outside scope per exclusion criterion 4.,,,4.41,0.171663,2026-06-03T23:19:20.850280+00:00
26690622,opus48,claude-opus-4-8,Exclude,,"Study examines exercise dependence and addictive behaviors with no in-game hoarding, collecting, or accumulation focus.",,,4.47,0.174775,2026-06-03T23:19:21.191515+00:00
38743487,opus48,claude-opus-4-8,Maybe,D3,"Primarily a gambling-harm study, but loot box purchasing is among predictors; full-text review needed to assess loot box behavioral relevance.",,,7.17,0.174813,2026-06-03T23:19:19.650791+00:00
23157656,opus48,claude-opus-4-8,Exclude,,"Study on fungal biodegradation of ivory chess pieces; no game behavior or hoarding psychology, despite 'hoard' and 'gaming' wording.",,,4.9,0.173726,2026-06-03T23:19:24.121746+00:00
41454725,opus48,claude-opus-4-8,Exclude,,"General addiction epidemiology survey methodology; no focus on game item hoarding, loot boxes, completionism, or virtual possession behaviors.",,,4.49,0.174625,2026-06-03T23:19:24.567316+00:00
35855504,opus48,claude-opus-4-8,Exclude,,"Broad narrative review of internet addictive behaviors during COVID-19; no focus on game item hoarding, collecting, or accumulation constructs.",,,4.3,0.172751,2026-06-03T23:19:25.257308+00:00
41391469,opus48,claude-opus-4-8,Maybe,D3,Examines gaming-gambling link in adolescents but no loot box/gacha mechanic specified; full-text needed to confirm game-mechanic relevance.,,,5.5,0.175938,2026-06-03T23:19:24.821198+00:00
24450756,opus48,claude-opus-4-8,Exclude,,"Pure problem-gambling decision-making study with no loot box, gacha, or game mechanic component per exclusion criterion 3.",,,5.83,0.173782,2026-06-03T23:19:25.662394+00:00
40621506,opus48,claude-opus-4-8,Exclude,,"Studies general behavioral addictions and gaming disorder broadly, with no item retention, loot box, collecting, or hoarding-specific game behavior.",,,5.74,0.174269,2026-06-03T23:19:26.817312+00:00
27199853,opus48,claude-opus-4-8,Exclude,,Studies compulsive buying and gambling disorder comorbidity in clinical patients with no game mechanic or loot box/gacha component.,,,4.5,0.17455,2026-06-03T23:19:29.057867+00:00
34375360,opus48,claude-opus-4-8,Exclude,,"Studies cannabis abuse and general addictive behaviors; no game item retention, hoarding, or collecting mechanic examined.",,,4.59,0.174251,2026-06-03T23:19:29.023865+00:00
35782446,opus48,claude-opus-4-8,Exclude,,"Studies behavioral addictions broadly via impulsivity/compulsivity traits, not game item hoarding, loot boxes, completionism, or any specific in-game accumulation behavior.",,,5.64,0.175619,2026-06-03T23:19:29.562459+00:00
31916881,opus48,claude-opus-4-8,Exclude,,"OCD comorbidity survey of behavioural addictions with no game-specific hoarding, collecting, or virtual-item behavior component.",,,5.73,0.172751,2026-06-03T23:19:30.323786+00:00
33835041,opus48,claude-opus-4-8,Exclude,,"General population addiction survey methodology; no game item hoarding, loot box, completionism, or collecting behavior examined.",,,4.75,0.173688,2026-06-03T23:19:31.494314+00:00
34904959,opus48,claude-opus-4-8,Exclude,,"Studies general addictive behaviours during Covid-19 with no game-specific hoarding, loot box, completionism, or collecting focus.",,,3.84,0.172619,2026-06-03T23:19:33.555762+00:00
39241535,opus48,claude-opus-4-8,Include,D3,"Peer-reviewed empirical study of problematic loot box use among adolescents, directly matching gacha/loot-box collecting behavior.",,,5.42,0.173538,2026-06-03T23:19:32.559421+00:00
27378999,opus48,claude-opus-4-8,Exclude,,"Clinical study of compulsive buying versus other behavioral addictions; no game item hoarding, loot box, or collecting behavior examined.",,,4.24,0.169094,2026-06-03T23:19:35.200156+00:00
30746800,opus48,claude-opus-4-8,Maybe,D3,"Loot box policy commentary in Addiction; likely an editorial without original data, requiring full-text review to confirm empirical content.",,,6.61,0.163357,2026-06-03T23:19:33.615074+00:00
40004656,opus48,claude-opus-4-8,Exclude,,"Review of emotional intelligence and behavioural addictions broadly; no focus on game item hoarding, loot boxes, or collecting constructs.",,,4.55,0.1714,2026-06-03T23:19:36.050792+00:00
26165928,opus48,claude-opus-4-8,Exclude,,"Studies general behavioral addictions and personality, not in-game hoarding, collecting, or item-retention behaviors within scope.",,,5.27,0.173163,2026-06-03T23:19:37.979516+00:00
40291985,opus48,claude-opus-4-8,Exclude,,"Narrative review on spirituality and behavioural addictions broadly; no focus on game item hoarding, collecting, or any target behavioral domain.",,,6.47,0.166919,2026-06-03T23:19:37.399246+00:00
40248688,opus48,claude-opus-4-8,Exclude,,"Validates a reward deficiency syndrome questionnaire; addresses general addictive behaviors, not game item hoarding, loot boxes, or collecting constructs.",,,7.74,0.175057,2026-06-03T23:19:36.248743+00:00
35722786,opus48,claude-opus-4-8,Exclude,,"Titled response/commentary on loot box definitions without original data, falling under editorials and opinion pieces exclusion.",,,5.01,0.1627,2026-06-03T23:19:40.226452+00:00
39338077,opus48,claude-opus-4-8,Exclude,,Study on recreational football's effects in older adults; no digital game or hoarding-related behavior component.,,,5.98,0.168626,2026-06-03T23:19:39.445509+00:00
36078369,opus48,claude-opus-4-8,Exclude,,"Studies simulated gambling and monetary gambling risk in youth, with no loot box, gacha, or hoarding game mechanic component.",,,5.81,0.172075,2026-06-03T23:19:40.596796+00:00
34860130,opus48,claude-opus-4-8,Exclude,,"Studies loss aversion in a physical-activity gamification trial, not in-game item behavior or game contexts per scope.",,,4.77,0.173088,2026-06-03T23:19:43.251137+00:00
22001612,opus48,claude-opus-4-8,Exclude,,Biochemistry study on calcium-binding protein kinetics; no game or hoarding behavior component whatsoever.,,,4.55,0.171926,2026-06-03T23:19:43.873906+00:00
30427931,opus48,claude-opus-4-8,Exclude,,"Studies general behavioral addictions and eating disorders trajectories; videogame use is not examined through hoarding, loot box, or collecting mechanics.",,,4.44,0.173369,2026-06-03T23:19:43.992074+00:00
18710846,opus48,claude-opus-4-8,Exclude,,Study on ethnic stereotypes and medical student underachievement; no game or hoarding component whatsoever.,,,4.06,0.172769,2026-06-03T23:19:45.239338+00:00
11747570,opus48,claude-opus-4-8,Exclude,,Study on evolution of cooperation via indirect reciprocity in humans; no game item hoarding or related behavioral construct.,,,4.34,0.170969,2026-06-03T23:19:46.407658+00:00
35754859,opus48,claude-opus-4-8,Exclude,,"Compulsive buying scale validation with no game component or in-game behavior, outside review scope.",,,7.18,0.170069,2026-06-03T23:19:45.430689+00:00
38748683,opus48,claude-opus-4-8,Exclude,,"Studies gamification in ESG education and psychological ownership of learning, not virtual item hoarding or game accumulation behavior.",,,6.27,0.171044,2026-06-03T23:19:48.022180+00:00
31387459,opus48,claude-opus-4-8,Exclude,,"Study examines SEO 'gaming the system' in web search engines, with no digital game or hoarding component.",,,6.79,0.170294,2026-06-03T23:19:48.429037+00:00
15757447,opus48,claude-opus-4-8,Exclude,,Oncology study on matrix metalloproteinase inhibition in cancer therapy; no game component or hoarding behavior whatsoever.,,,5.99,0.174288,2026-06-03T23:19:49.297249+00:00
31704434,opus48,claude-opus-4-8,Maybe,D3,Loot box policy commentary may lack original behavioral data; full-text needed to confirm empirical content versus opinion piece.,,,6.55,0.163,2026-06-03T23:19:50.747290+00:00
19848550,opus48,claude-opus-4-8,Exclude,,"Paper concerns evidence-based medicine and complementary/alternative medicine, with no game component or hoarding behavior.",,,9.27,0.172319,2026-06-03T23:19:48.425351+00:00
33289692,opus48,claude-opus-4-8,Exclude,,"Studies problematic shopping and self-injury in adolescents with no game, loot box, or gacha component.",,,8.37,0.1726,2026-06-03T23:19:52.609676+00:00
20031485,opus48,claude-opus-4-8,Exclude,,Sports medicine study on physical cricket injuries; no digital game or hoarding behavior component whatsoever.,,,12.43,0.172282,2026-06-03T23:19:54.290054+00:00
29553053,opus48,claude-opus-4-8,Exclude,,Medical review on bone-targeted prostate cancer therapy; no game component or hoarding behavior whatsoever.,,,14.42,0.173294,2026-06-03T23:19:55.283791+00:00
23637116,opus48,claude-opus-4-8,Exclude,,Study analyzes NHL concussion mechanisms in real ice hockey; no digital game or hoarding behavior component.,,,15.79,0.171363,2026-06-03T23:19:55.217245+00:00
30881528,opus48,claude-opus-4-8,Exclude,,"Studies persuasion in game-theoretic negotiation (Catan), unrelated to hoarding, collecting, or any of the five behavioral domains.",,,13.89,0.168326,2026-06-03T23:19:57.698482+00:00
39997959,opus48,claude-opus-4-8,Exclude,,"Study analyzes physical football match performance, unrelated to digital games or hoarding behavioral domains.",,,14.38,0.173125,2026-06-03T23:19:57.298124+00:00
30049225,opus48,claude-opus-4-8,Exclude,,"Study examines gamification in health/fitness apps, not games or any in-game hoarding behavior; outside review scope.",,,14.21,0.171363,2026-06-03T23:20:00.984315+00:00
41860608,opus48,claude-opus-4-8,Exclude,,"General problematic-behaviour screening scale covering gaming/gambling broadly, with no hoarding, collecting, or game-item retention behavioral focus.",,,8.03,0.175638,2026-06-03T23:20:09.701450+00:00
40987326,opus48,claude-opus-4-8,Exclude,,"Cognitive science study on cooperative hunting and joint commitment; no in-game hoarding, collecting, or accumulation behavior examined.",,,7.01,0.171044,2026-06-03T23:20:11.002867+00:00
27456652,opus48,claude-opus-4-8,Exclude,,"Paper concerns physical coed football safety and screening, with no game-hoarding or digital-game behavioral component whatsoever.",,,6.76,0.164744,2026-06-03T23:20:11.586909+00:00
10876972,opus48,claude-opus-4-8,Exclude,,Sports medicine study on athlete body composition; no game behavior or hoarding component whatsoever.,,,10.04,0.169676,2026-06-03T23:20:15.197200+00:00
22058616,opus48,claude-opus-4-8,Exclude,,"Study concerns pharmaceutical industry conflicts of interest and clinical guidelines, with no game component or hoarding behavior.",,,13.61,0.173332,2026-06-03T23:20:11.678427+00:00
31366420,opus48,claude-opus-4-8,Exclude,,"General overview of gaming disorder and treatment; no measure of hoarding, loot box collecting, or any target behavioral domain.",,,10.81,0.167013,2026-06-03T23:20:17.729775+00:00
27029804,opus48,claude-opus-4-8,Exclude,,Orthopedic study on ankle arthroscopy in soccer players; no game behavior or hoarding component whatsoever.,,,10.5,0.173613,2026-06-03T23:20:18.347616+00:00
24602325,opus48,claude-opus-4-8,Exclude,,"Exergaming for Parkinson's disease motor rehabilitation; no in-game hoarding, collecting, or accumulation behavior examined.",,,23.67,0.173763,2026-06-03T23:20:06.717289+00:00
40422088,opus48,claude-opus-4-8,Exclude,,"Swarm AI algorithm for game agent combat; no hoarding, collecting, or accumulation behavior measured in humans.",,,12.91,0.748553,2026-06-03T23:20:18.017650+00:00
32045732,opus48,claude-opus-4-8,Exclude,,"fMRI study of monetary reward processing in internet gaming disorder, not in-game hoarding or any of the five behavioral domains.",,,9.07,0.171194,2026-06-03T23:20:25.292789+00:00
19839446,opus48,claude-opus-4-8,Exclude,,Business article on corporate performance measurement; no game component or hoarding-related behavior.,,,10.07,0.170144,2026-06-03T23:20:25.237872+00:00
33133767,opus48,claude-opus-4-8,Exclude,,Clinical case series on cerebellar ataxia and compulsivity with no game component or game behavior.,,,10.4,0.166825,2026-06-03T23:20:28.541861+00:00
27363690,opus48,claude-opus-4-8,Maybe,D3,Social casino micro-transactions study; relevant only if purchases count as gacha/microtransaction collecting rather than pure gambling—full-text needed.,,,11.92,0.17305,2026-06-03T23:20:28.845407+00:00
32316282,opus48,claude-opus-4-8,Exclude,,Cancer biology study on tumor suppressor proteins p53 and FBXW7; no game component or hoarding behavior relevance.,,,10.39,0.165963,2026-06-03T23:20:30.393264+00:00
26441749,opus48,claude-opus-4-8,Exclude,,Shopping addiction scale validation with no game component; outside review scope.,,,10.22,0.173407,2026-06-03T23:20:30.925175+00:00
35385397,opus48,claude-opus-4-8,Include,D3|Cross-domain,"Peer-reviewed empirical study linking adolescent loot box purchasing to problem gambling, controlling for monetary gambling participation.",,,7.44,0.174007,2026-06-03T23:20:35.304922+00:00
8481964,opus48,claude-opus-4-8,Exclude,,Sports medicine article on managing professional basketball players' health; no game behavior or hoarding component.,,,8.57,0.166957,2026-06-03T23:20:34.360043+00:00
36107949,opus48,claude-opus-4-8,Exclude,,"Compulsive buying study on COVID distress with no game, loot box, or gacha component, outside review scope.",,,5.65,0.172338,2026-06-03T23:20:38.944114+00:00
23167030,opus48,claude-opus-4-8,Exclude,,Medical practice teamwork article with no game component or hoarding-related behavior; entirely outside review scope.,,,5.68,0.168738,2026-06-03T23:20:40.787094+00:00
35409830,opus48,claude-opus-4-8,Exclude,,Sports biomechanics study on ACL injury risk in football players; no game behavior or hoarding component.,,,7.4,0.170669,2026-06-03T23:20:40.763324+00:00
35129089,opus48,claude-opus-4-8,Exclude,,"Sports biomechanics study of ACL injuries in netball; 'games' refers to athletic matches, not digital games or hoarding behavior.",,,7.32,0.172375,2026-06-03T23:20:41.145937+00:00
35217933,opus48,claude-opus-4-8,Maybe,D3,Skin gambling uses virtual game items but study centers on gambling harm; full-text needed to confirm loot box/collecting relevance versus pure gambling exclusion.,,,6.31,0.172882,2026-06-03T23:20:42.932583+00:00
38571884,opus48,claude-opus-4-8,Maybe,D3,"Examines monetization strategy and gaming disorder, but focuses on GD symptoms generally rather than loot box/gacha collecting behavior specifically; full-text needed.",,,6.81,0.173707,2026-06-03T23:20:42.750115+00:00
35911206,opus48,claude-opus-4-8,Exclude,,"Studies game-time effects on general well-being, with no hoarding, collecting, or accumulation behavior measured.",,,5.75,0.167707,2026-06-03T23:20:44.593965+00:00
41567349,opus48,claude-opus-4-8,Exclude,,"General ICD-11 addictive-behavior screening tool; no in-game hoarding, loot box, or collecting behavior measured.",,,4.62,0.174588,2026-06-03T23:20:46.468442+00:00
38861246,opus48,claude-opus-4-8,Exclude,,"Pure financial risk-taking and gambling EEG study with no game mechanic, loot box, or hoarding component.",,,5.95,0.169675,2026-06-03T23:20:48.161127+00:00
33101151,opus48,claude-opus-4-8,Exclude,,"Conceptual analysis of physical education and sports teaching pedagogy, unrelated to digital game hoarding behaviors.",,,5.15,0.173351,2026-06-03T23:20:49.565163+00:00
26236023,opus48,claude-opus-4-8,Exclude,,"Neurocognitive study of social exclusion using Cyberball; no hoarding, collecting, or game accumulation behavior examined.",,,6.98,0.170819,2026-06-03T23:20:48.465018+00:00
40589520,opus48,claude-opus-4-8,Exclude,,"Theological/philosophical essay on video game playtime and virtue; no hoarding behavior, original data, or in-scope behavioral measures.",,,7.21,0.167519,2026-06-03T23:20:49.240420+00:00
29410568,opus48,claude-opus-4-8,Exclude,,"Study examines sleep quality in wheelchair basketball athletes, unrelated to game hoarding behaviors or any inclusion domain.",,,8.15,0.171607,2026-06-03T23:20:51.093271+00:00
30241787,opus48,claude-opus-4-8,Exclude,,"Kinect-based burn rehabilitation feasibility study; no in-game hoarding, collecting, or accumulation behavior addressed.",,,8.9,0.174269,2026-06-03T23:20:50.346470+00:00
25477807,opus48,claude-opus-4-8,Exclude,,"Cyberball social-inclusion ERP study on belonging needs; no hoarding, collecting, or accumulation behavior in games.",,,7.11,0.172957,2026-06-03T23:20:54.109165+00:00
23604411,opus48,claude-opus-4-8,Exclude,,"Conceptual nosology piece on behavioral addiction terminology; no game hoarding behavior or original data, and not language-eligible focus.",,,5.22,0.165888,2026-06-03T23:20:56.446868+00:00
34166631,opus48,claude-opus-4-8,Exclude,,"Opinion Viewpoint on gambling policy without original data, no loot box or game mechanic component.",,,7.13,0.167876,2026-06-03T23:20:54.720479+00:00
41186668,opus48,claude-opus-4-8,Maybe,D3,Longitudinal study of in-game microtransaction spending and gambling problems; full-text needed to confirm loot box/gacha behavioral relevance versus pure monetization economics.,,,6.47,0.171082,2026-06-03T23:20:55.448787+00:00
6453184,opus48,claude-opus-4-8,Exclude,,"Study on aging and chess problem solving, unrelated to game item hoarding or any behavioral domain in scope.",,,5.81,0.171607,2026-06-03T23:20:59.242135+00:00
32500211,opus48,claude-opus-4-8,Exclude,,Study of impulsive decision-making in substance and addictive disorders with no game component or virtual hoarding behavior.,,,6.1,0.173988,2026-06-03T23:20:59.242391+00:00
36467649,opus48,claude-opus-4-8,Exclude,,"Biosecurity compliance simulation in animal agriculture; no game item hoarding, loot boxes, or hoarding-disorder constructs despite using an experimental game.",,,5.73,0.173632,2026-06-03T23:21:01.217267+00:00
17296546,opus48,claude-opus-4-8,Exclude,,"Neuroscience study on synaptic vesicle release probability; the game metaphor is figurative, not about digital games.",,,5.91,0.164125,2026-06-03T23:21:01.847960+00:00
33397672,opus48,claude-opus-4-8,Exclude,,Sports medicine study on injury prevention in footballers; no game behavior or hoarding component.,,,5.89,0.172019,2026-06-03T23:21:01.923412+00:00
36003120,opus48,claude-opus-4-8,Exclude,,"Studies problem mobile gaming, in-app spending, and sleep, not item hoarding, loot box collecting, or any targeted behavioral domain.",,,6.25,0.175188,2026-06-03T23:21:01.672143+00:00
39535584,opus48,claude-opus-4-8,Maybe,D3,"Examines micro-transaction use and problem gambling/gaming, but focus is motivations rather than loot box/gacha collecting; full-text needed.",,,8.11,0.17395,2026-06-03T23:21:05.052079+00:00
15697115,opus48,claude-opus-4-8,Exclude,,Business article on leveraging personal strengths in career development; no game component or hoarding behavior.,,,9.92,0.1711,2026-06-03T23:21:05.346585+00:00
40514305,opus48,claude-opus-4-8,Exclude,,Medical study on Achilles tendon surgery; no game component or hoarding-related behavior whatsoever.,,,9.67,0.175488,2026-06-03T23:21:07.815878+00:00
25410278,opus48,claude-opus-4-8,Exclude,,"Studies social casino gaming migration to online gambling; no loot box/gacha mechanic or hoarding behavior, focused on gambling migration.",,,10.49,0.17095,2026-06-03T23:21:07.919912+00:00
27100787,opus48,claude-opus-4-8,Exclude,,"ERP study of social exclusion via Cyberball; no hoarding, collecting, or accumulation behavior relevant to the review.",,,10.68,0.173651,2026-06-03T23:21:07.761282+00:00
39307287,opus48,claude-opus-4-8,Exclude,,"Pavlovian conditioning study on Internet-use disorders examines gaming and buying-shopping cues, not item retention, loot box collecting, or hoarding behaviors.",,,11.64,0.173969,2026-06-03T23:21:06.950711+00:00
10532656,opus48,claude-opus-4-8,Exclude,,Study examines physical injuries in youth ice hockey; no connection to digital games or hoarding behaviors.,,,10.3,0.172525,2026-06-03T23:21:13.163070+00:00
11894681,opus48,claude-opus-4-8,Exclude,,"Article on identifying corporate leadership talent; no game component or hoarding-related behavior, entirely outside review scope.",,,9.6,0.170838,2026-06-03T23:21:15.270486+00:00
30110801,opus48,claude-opus-4-8,Exclude,,"Statistical physics analysis of gambling logs as random walks, with no loot box/gacha mechanic or behavioral-psychological hoarding measures.",,,10.36,0.167651,2026-06-03T23:21:17.486173+00:00
25493849,opus48,claude-opus-4-8,Exclude,,Game-theory study of social dilemmas in physics; no video game behavior or hoarding constructs examined.,,,11.0,0.171719,2026-06-03T23:21:18.586340+00:00
27008504,opus48,claude-opus-4-8,Exclude,,"Pediatric rehabilitation exergame feasibility study with no hoarding, collecting, or accumulation behavior; outside scope.",,,11.9,0.174251,2026-06-03T23:21:18.446081+00:00
27942256,opus48,claude-opus-4-8,Exclude,,Commentary on shopping addiction scales with no game component or behavioral game data.,,,13.72,0.168307,2026-06-03T23:21:18.407310+00:00
36704251,opus48,claude-opus-4-8,Maybe,D3,"Examines spending in games designed to drive spending, but focuses on wellbeing/monetization without clear loot-box or hoarding behavioral measure; needs full-text.",,,10.49,0.1705,2026-06-03T23:21:24.870982+00:00
41393314,opus48,claude-opus-4-8,Exclude,,"Study on hindsight bias in soccer athletes; no game item hoarding, collecting, or related behavioral construct.",,,10.62,0.170238,2026-06-03T23:21:27.847547+00:00
23254547,opus48,claude-opus-4-8,Exclude,,Sports science study on physical small-sided games in youth athletes; no digital game or hoarding behavior component.,,,15.63,0.175001,2026-06-03T23:21:23.465824+00:00
27870086,opus48,claude-opus-4-8,Exclude,,Commentary on NFL player health care and physician ethics; no game behavior or hoarding constructs whatsoever.,,,10.3,0.168588,2026-06-03T23:21:29.589188+00:00
35604522,opus48,claude-opus-4-8,Include,D3,Peer-reviewed qualitative study examining motives to engage with loot boxes and their relation to gambling constructs.,,,11.6,0.17125,2026-06-03T23:21:30.345690+00:00
24716878,opus48,claude-opus-4-8,Exclude,,"Neuroscience study on pain perception and monetary inequity, with no game item hoarding or behavioral hoarding component.",,,10.38,0.172169,2026-06-03T23:21:32.127454+00:00
27928436,opus48,claude-opus-4-8,Exclude,,"Medical review on parathyroidectomy and vitamin D; no game component or hoarding behavior, entirely outside scope.",,,12.06,0.174007,2026-06-03T23:21:35.358884+00:00
37915884,opus48,claude-opus-4-8,Include,D3,"Empirical survey examining loot box purchasing behavior, psychosocial vulnerabilities, and problem gambling links among gamblers.",,,10.45,0.171963,2026-06-03T23:21:38.470997+00:00
