pmid,tier,model,design,confidence,reason,parse_error,latency_s,cost_usd,call_started_utc
38890438,sonnet,claude-sonnet-4-6,cross_sectional,high,"A single survey was administered to 1178 adults measuring gaming, gambling, and autism characteristics at one time point.",,3.19,0.01228,2026-05-21T05:08:46.120638+00:00
38890438,opus,claude-opus-4-7,cross_sectional,high,Single survey of 1178 adults via Prolific measuring expenditure and traits at one time point.,,3.63,0.087975,2026-05-21T05:08:46.120779+00:00
37594878,sonnet,claude-sonnet-4-6,cross_sectional,high,"Abstract explicitly states 'large cross-sectional, cross-national survey' with self-reported measures at a single time point.",,3.36,0.012313,2026-05-21T05:08:49.312148+00:00
37594878,opus,claude-opus-4-7,cross_sectional,high,"Abstract explicitly describes a 'large cross-sectional, cross-national survey' with N=1,049 participants at a single time point.",,4.9,0.0888,2026-05-21T05:08:49.755805+00:00
37594878,haiku,claude-haiku-4-5,cross_sectional,high,"Abstract explicitly states 'large cross-sectional, cross-national survey' design with single time-point measurement.",,9.18,0.007453,2026-05-21T05:08:46.122734+00:00
38890438,haiku,claude-haiku-4-5,cross_sectional,high,Single timepoint survey recruiting 1178 adults to measure associations between autistic characteristics and microtransaction spending.,,9.43,0.007136,2026-05-21T05:08:46.120495+00:00
39264722,sonnet,claude-sonnet-4-6,cross_sectional,high,Representative sample recruited at a single time point via stratified random sampling in school settings with no follow-up.,,4.67,0.012809,2026-05-21T05:08:54.659634+00:00
39264722,opus,claude-opus-4-7,cross_sectional,high,"Nationally representative single-time-point survey of 3,950 Czech adolescents via stratified random sampling, with no repeated measures.",,6.42,0.092663,2026-05-21T05:08:55.303692+00:00
32379808,sonnet,claude-sonnet-4-6,content_analysis,high,"Structured coding of 463 Steam games' monetisation features (loot boxes, microtransactions) across 2010–2019 game content.",,3.55,0.012771,2026-05-21T05:08:59.329286+00:00
39264722,haiku,claude-haiku-4-5,cross_sectional,high,Nationally representative sample at single timepoint with stratified random sampling; measures prevalence and associations.,,11.99,0.00822,2026-05-21T05:08:52.671796+00:00
32379808,opus,claude-opus-4-7,content_analysis,high,"Structured analysis of 463 most-played Steam games coding presence of loot boxes, cosmetic, and pay-to-win microtransactions over 2010-2019.",,3.59,0.090506,2026-05-21T05:09:01.721346+00:00
40161348,sonnet,claude-sonnet-4-6,scale_validation,high,"Study translates RLI into Chinese and evaluates it via EFA and CFA, assessing psychometric properties.",,2.92,0.012681,2026-05-21T05:09:04.662873+00:00
32379808,haiku,claude-haiku-4-5,content_analysis,high,"Paper systematically coded 463 games for presence of loot boxes, cosmetic, and pay-to-win mechanics, tracking prevalence trends across 2010-2019.",,12.11,0.008231,2026-05-21T05:08:55.547408+00:00
40161348,opus,claude-opus-4-7,scale_validation,high,Translates RLI into Chinese and evaluates psychometric properties via EFA and CFA.,,3.2,0.090281,2026-05-21T05:09:05.309343+00:00
31129456,sonnet,claude-sonnet-4-6,cross_sectional,high,"Abstract explicitly states 'cross-sectional, self-report data were collected' via a single online survey.",,3.9,0.012336,2026-05-21T05:09:07.656102+00:00
31129456,opus,claude-opus-4-7,cross_sectional,high,"Abstract states 'Cross-sectional, self-report data were collected from 618 adult video gamers via an online survey.'",,3.59,0.088669,2026-05-21T05:09:08.506165+00:00
33560241,sonnet,claude-sonnet-4-6,cross_sectional,high,"Single-timepoint questionnaire administered to 1615 adolescents, explicitly titled 'Cross-sectional Observational Study.'",,3.95,0.012685,2026-05-21T05:09:12.096618+00:00
33560241,haiku,claude-haiku-4-5,cross_sectional,high,Title explicitly labels study as 'Cross-sectional Observational Study' with single questionnaire administration.,,7.9,0.006389,2026-05-21T05:09:11.555193+00:00
33560241,opus,claude-opus-4-7,cross_sectional,high,Title explicitly states 'Cross-sectional Observational Study' with single-time questionnaire of 1615 adolescents.,,4.01,0.091088,2026-05-21T05:09:16.049677+00:00
40161348,haiku,claude-haiku-4-5,scale_validation,high,Exploratory and confirmatory factor analyses on separate samples with validity correlations constitute psychometric validation.,,17.78,0.011848,2026-05-21T05:09:02.879789+00:00
31129456,haiku,claude-haiku-4-5,cross_sectional,high,Explicitly states cross-sectional design: self-report survey data from 618 video gamers collected at single time point.,,13.42,0.01126,2026-05-21T05:09:07.583424+00:00
34413815,sonnet,claude-sonnet-4-6,cross_sectional,high,335 students completed a one-time questionnaire assessing gaming and purchase behaviors at a single time point.,,3.7,0.012722,2026-05-21T05:09:20.055349+00:00
34413815,opus,claude-opus-4-7,cross_sectional,high,"Single-time-point questionnaire survey of 335 junior high students assessing gaming, purchases, and adjustment.",,3.47,0.091425,2026-05-21T05:09:20.665139+00:00
34413815,haiku,claude-haiku-4-5,cross_sectional,high,Survey of 335 students completed questionnaires at single time point examining associations between purchase styles and psychosocial outcomes.,,5.46,0.005742,2026-05-21T05:09:19.460390+00:00
32822251,opus,claude-opus-4-7,cross_sectional,high,"Online survey of 300 emerging adults at a single time point examining associations between gaming, gambling, and microtransactions.",,3.56,0.090656,2026-05-21T05:09:24.132767+00:00
32822251,sonnet,claude-sonnet-4-6,cross_sectional,high,An online survey completed once by 300 emerging adults indicates a single time-point cross-sectional design.,,3.99,0.012576,2026-05-21T05:09:23.758387+00:00
31881408,sonnet,claude-sonnet-4-6,cross_sectional,high,Abstract explicitly states 'cross-sectional survey data from a representative sample' collected at a single time point.,,3.5,0.012351,2026-05-21T05:09:27.689276+00:00
31881408,opus,claude-opus-4-7,cross_sectional,high,"Abstract explicitly states 'cross-sectional survey data from a representative sample of 1,137 participants aged 12-16'.",,3.66,0.088819,2026-05-21T05:09:27.746539+00:00
31881408,haiku,claude-haiku-4-5,cross_sectional,high,"Abstract explicitly states 'cross-sectional survey data' from 1,137 adolescents measured at single time point.",,7.09,0.005954,2026-05-21T05:09:24.922799+00:00
35085370,sonnet,claude-sonnet-4-6,systematic_review,high,Follows PRISMA-ScR and Joanna Briggs Institute guidance with explicit database search yielding 299 articles screened.,,2.6,0.012771,2026-05-21T05:09:31.403548+00:00
35085370,opus,claude-opus-4-7,systematic_review,high,PRISMA-ScR scoping review following Joanna Briggs Institute guidance with explicit database search yielding 299 articles and 16 included studies.,,4.0,0.092081,2026-05-21T05:09:32.016720+00:00
32822251,haiku,claude-haiku-4-5,cross_sectional,high,"Online survey of 300 participants at single time point examining correlations between gaming disorder, gambling, and microtransactions.",,15.88,0.006829,2026-05-21T05:09:21.008069+00:00
35085370,haiku,claude-haiku-4-5,systematic_review,high,"Abstract explicitly states PRISMA-ScR methodology with systematic search across three databases, 299 articles screened, 16 included.",,7.5,0.007182,2026-05-21T05:09:31.186290+00:00
32106893,sonnet,claude-sonnet-4-6,cross_sectional,high,Single online survey distributed at one time point measuring gaming characteristics and disorder prevalence in Ireland.,,4.62,0.012602,2026-05-21T05:09:36.018014+00:00
32106893,opus,claude-opus-4-7,cross_sectional,high,Single-time-point online survey of 166 Irish gamers with demographic and gaming disorder screening questions.,,5.48,0.0906,2026-05-21T05:09:36.889989+00:00
32106893,haiku,claude-haiku-4-5,cross_sectional,high,Single-administration online survey assessing gaming disorder prevalence and characteristics in Irish online gamers.,,10.29,0.007561,2026-05-21T05:09:34.002421+00:00
31978759,sonnet,claude-sonnet-4-6,cross_sectional,high,Recruited 428 adult Fortnite players and measured behaviors/spending at a single time point via online survey.,,3.86,0.012482,2026-05-21T05:09:40.634795+00:00
31978759,opus,claude-opus-4-7,cross_sectional,high,"Single-timepoint online survey of 428 Fortnite players measuring spending, motivations, and GD symptoms without repeated measures or manipulation.",,4.66,0.09045,2026-05-21T05:09:42.367191+00:00
38603322,sonnet,claude-sonnet-4-6,cross_sectional,high,Authors conducted a one-time online survey questionnaire with 74 players from Northeast Brazil during the COVID-19 pandemic.,,2.96,0.012591,2026-05-21T05:09:44.492126+00:00
31978759,haiku,claude-haiku-4-5,cross_sectional,high,Recruited 428 players and investigated associations between variables at single time point without follow-up or experimental manipulation.,,9.74,0.007171,2026-05-21T05:09:38.690646+00:00
38603322,opus,claude-opus-4-7,cross_sectional,high,Online survey at a single time point with 74 players from Northeast Brazil using a 21-question questionnaire.,,2.87,0.090487,2026-05-21T05:09:47.028923+00:00
38603322,haiku,claude-haiku-4-5,cross_sectional,high,Abstract explicitly describes single online survey with questionnaire administered to 74 players; no repeated measures or longitudinal follow-up mentioned.,,7.11,0.006051,2026-05-21T05:09:44.289928+00:00
38148441,sonnet,claude-sonnet-4-6,content_analysis,high,Study quantified gambling-like features by analyzing mobile games from Apple's marketplace using structured coding of game mechanics.,,2.97,0.011968,2026-05-21T05:09:48.432764+00:00
38148441,opus,claude-opus-4-7,content_analysis,high,Quantified gambling-like features through structured coding of top-downloaded children's mobile games from Apple's marketplace.,,3.24,0.086269,2026-05-21T05:09:49.895363+00:00
35058842,sonnet,claude-sonnet-4-6,experimental,high,"Participants completed a laboratory task in two conditions (customized vs. default character), with manipulated independent variable and objective performance measures.",,3.26,0.01213,2026-05-21T05:09:51.403132+00:00
35058842,opus,claude-opus-4-7,experimental,high,Within-subjects laboratory experiment manipulating cosmetic customization vs. default character across two conditions in League of Legends.,,4.32,0.086981,2026-05-21T05:09:53.140427+00:00
35058842,haiku,claude-haiku-4-5,experimental,high,Abstract explicitly describes manipulated conditions (customized vs. default character) with measured dependent variables in a controlled laboratory task.,,7.38,0.005891,2026-05-21T05:09:51.395700+00:00
41140132,sonnet,claude-sonnet-4-6,review_commentary,high,The abstract explicitly labels this an editorial offering opinion on regulation and gambling-like game features without systematic search methods.,,3.59,0.011924,2026-05-21T05:09:57.459631+00:00
41140132,opus,claude-opus-4-7,review_commentary,high,"Abstract explicitly identifies itself as an editorial highlighting need for regulatory updates, with no systematic search method.",,5.62,0.086606,2026-05-21T05:09:58.772930+00:00
41140132,haiku,claude-haiku-4-5,review_commentary,high,Abstract explicitly identifies as editorial highlighting regulatory need without empirical methodology.,,11.85,0.009318,2026-05-21T05:09:54.665425+00:00
36274342,haiku,claude-haiku-4-5,cross_sectional,high,Logistic regression examining associations between simulated gambling engagement and gaming disorder at single time point; no prospective or repeated-measures component.,,8.02,0.006655,2026-05-21T05:10:01.049346+00:00
36274342,opus,claude-opus-4-7,cross_sectional,high,"Past-month engagement measured once in an online panel sample of 826 adolescents with logistic regressions, indicating single-timepoint cross-sectional survey.",,3.61,0.092456,2026-05-21T05:10:06.516138+00:00
36274342,sonnet,claude-sonnet-4-6,cross_sectional,high,Single-time-point online survey measuring past-month engagement via logistic regression in a sample of 826 Australian adolescents.,,7.34,0.012899,2026-05-21T05:10:04.400579+00:00
38148441,haiku,claude-haiku-4-5,content_analysis,high,Quantified loot-box mechanics and chance-based features in games—systematic content coding matching content analysis definition.,,25.61,0.01854,2026-05-21T05:09:47.448528+00:00
39302638,sonnet,claude-sonnet-4-6,cross_sectional,high,Abstract explicitly labels the study 'cross-sectional and analytical' with a single-timepoint survey in Spanish schools.,,3.31,0.01312,2026-05-21T05:10:10.125560+00:00
39302638,opus,claude-opus-4-7,cross_sectional,high,Abstract explicitly states 'cross-sectional and analytical study' with single-timepoint survey of 542 participants.,,5.64,0.092944,2026-05-21T05:10:11.739276+00:00
35990074,sonnet,claude-sonnet-4-6,cross_sectional,high,Abstract explicitly states 'cross-sectional data was collected' via online survey at one point in time.,,5.02,0.012827,2026-05-21T05:10:13.440143+00:00
39302638,haiku,claude-haiku-4-5,cross_sectional,high,Title and abstract explicitly label this as 'cross-sectional study' with single time point measurement.,,10.97,0.007886,2026-05-21T05:10:09.071756+00:00
35990074,haiku,claude-haiku-4-5,cross_sectional,high,Title and abstract explicitly describe 'cross-sectional online survey' collecting questionnaire data with regression analysis.,,10.44,0.008,2026-05-21T05:10:13.063096+00:00
35990074,opus,claude-opus-4-7,cross_sectional,high,Abstract explicitly describes a cross-sectional online survey at single time points with 337 questionnaires analyzed via stepwise regression.,,6.27,0.092531,2026-05-21T05:10:17.381652+00:00
36497782,sonnet,claude-sonnet-4-6,cross_sectional,high,Survey of 5062 French online gamers comparing spenders vs non-spenders at a single time point with no follow-up.,,4.45,0.012482,2026-05-21T05:10:20.045794+00:00
36497782,opus,claude-opus-4-7,cross_sectional,high,Single-timepoint survey of a representative sample of 5062 French online gamers describing profiles and comparing subgroups.,,3.68,0.088388,2026-05-21T05:10:23.505874+00:00
36497782,haiku,claude-haiku-4-5,cross_sectional,high,"Compares spending vs. non-spending F2P gamers on sociodemographic, motivational, and behavioral characteristics in single-timepoint representative sample.",,10.9,0.006505,2026-05-21T05:10:18.464317+00:00
37151299,opus,claude-opus-4-7,cross_sectional,medium,"Two independent representative samples (2019, 2022) compared at two time points, not a repeated-measures cohort.",,5.75,0.0861,2026-05-21T05:10:27.190884+00:00
35733406,haiku,claude-haiku-4-5,cross_sectional,high,Survey-based comparison of sex differences in competitive behaviors at a single time point with no follow-up measurement.,,7.31,0.005795,2026-05-21T05:10:29.376596+00:00
37151299,sonnet,claude-sonnet-4-6,longitudinal,high,Study compares representative samples at two time points (2019 pre-pandemic and 2022 post-lockdown) to examine change over time.,,12.35,0.012152,2026-05-21T05:10:24.496789+00:00
35733406,sonnet,claude-sonnet-4-6,cross_sectional,high,Authors surveyed players at a single time point via MTurk and Reddit with no repeated measures.,,5.91,0.012497,2026-05-21T05:10:32.944921+00:00
35733406,opus,claude-opus-4-7,cross_sectional,high,Single-timepoint survey of MMORPG players via MTurk and Reddit measuring competitive behaviors.,,2.74,0.090094,2026-05-21T05:10:36.686332+00:00
32514653,sonnet,claude-sonnet-4-6,cross_sectional,high,"Study uses regression on large random samples at a single time point, comparing loot box and gambling risk factors.",,3.23,0.011912,2026-05-21T05:10:38.859581+00:00
32514653,opus,claude-opus-4-7,cross_sectional,high,Uses large random samples of American youth at a single time point to regress gambling and loot box purchasing on risk/protective factors.,,6.85,0.086006,2026-05-21T05:10:39.430555+00:00
32514653,haiku,claude-haiku-4-5,cross_sectional,high,Regresses loot box purchasing on risk and protective factors using random samples at a single time point.,,9.86,0.007586,2026-05-21T05:10:36.849149+00:00
41842938,opus,claude-opus-4-7,review_commentary,high,"Abstract introduces a theoretical reframing within I-PACE, drawing on existing theories without systematic search or empirical data collection.",,3.78,0.086231,2026-05-21T05:10:46.710041+00:00
41842938,sonnet,claude-sonnet-4-6,review_commentary,high,"Paper proposes a theoretical framework and argument without systematic search or empirical data collection, fitting commentary/position paper.",,6.58,0.01192,2026-05-21T05:10:46.278035+00:00
37151299,haiku,claude-haiku-4-5,longitudinal,medium,Prevalence data compared across two time points (2019 and 2022) in youth samples.,,30.66,0.017368,2026-05-21T05:10:23.653938+00:00
40211461,sonnet,claude-sonnet-4-6,review_commentary,high,"The paper critiques and analyzes homocapitalism conceptually without systematic search, empirical data collection, or experimental manipulation.",,4.1,0.011845,2026-05-21T05:10:52.862775+00:00
40211461,opus,claude-opus-4-7,review_commentary,high,"Abstract presents a critical conceptual analysis of homocapitalism using example games, with no systematic search or empirical method.",,4.45,0.084769,2026-05-21T05:10:54.315094+00:00
41842938,haiku,claude-haiku-4-5,review_commentary,high,Proposes theoretical framework reframing I-PACE without describing original empirical study or systematic review methodology.,,20.07,0.011448,2026-05-21T05:10:42.085697+00:00
33578105,sonnet,claude-sonnet-4-6,systematic_review,high,"Uses structured literature searches to identify surveys, aggregates open-access datasets, and applies explicit search and synthesis methodology.",,3.6,0.012651,2026-05-21T05:10:58.762905+00:00
33578105,opus,claude-opus-4-7,cross_sectional,medium,Secondary analysis aggregating existing cross-sectional survey datasets of loot box purchasers with self-report measures at single time points.,,4.56,0.091463,2026-05-21T05:11:02.154280+00:00
40211461,haiku,claude-haiku-4-5,review_commentary,medium,Theoretical critique of homocapitalism concept using game examples; no systematic methodology or structured content analysis described.,,19.2,0.012777,2026-05-21T05:10:50.487469+00:00
40307922,sonnet,claude-sonnet-4-6,longitudinal,high,Study uses baseline and 6-month follow-up assessments with prospective regression to test migration patterns over time.,,3.19,0.0127,2026-05-21T05:11:06.712299+00:00
40307922,haiku,claude-haiku-4-5,longitudinal,high,Explicit longitudinal design with baseline assessment and 6-month follow-up measurement of gambling outcomes.,,8.61,0.006851,2026-05-21T05:11:02.366254+00:00
40307922,opus,claude-opus-4-7,longitudinal,high,Prospective study with baseline and 6-month follow-up assessments predicting gambling initiation and spend.,,3.49,0.0909,2026-05-21T05:11:09.689840+00:00
31681510,opus,claude-opus-4-7,longitudinal,high,Before-and-after study of the same players (n=112) across two time points around loot box removal.,,3.39,0.088406,2026-05-21T05:11:13.181205+00:00
31681510,sonnet,claude-sonnet-4-6,longitudinal,high,The study measures spending behavior in the same players (n=112) at two time points: before and after loot box removal.,,8.3,0.012471,2026-05-21T05:11:10.978567+00:00
38126068,sonnet,claude-sonnet-4-6,cross_sectional,high,Pre-registered survey conducted at a single time point with 1495+1223 gamers measuring associations between variables.,,3.78,0.012422,2026-05-21T05:11:19.283542+00:00
38126068,opus,claude-opus-4-7,cross_sectional,high,Pre-registered survey of 1495 LB and 1223 nLB gamers at a single time point testing hypothesized associations.,,5.2,0.089494,2026-05-21T05:11:23.061153+00:00
33578105,haiku,claude-haiku-4-5,systematic_review,medium,Structured literature searches identified multiple open-access survey datasets aggregated for meta-analytic synthesis.,,35.33,0.021258,2026-05-21T05:10:56.965808+00:00
38126068,haiku,claude-haiku-4-5,cross_sectional,high,Pre-registered survey measuring two groups at single time point testing associations between psychological variables and loot box engagement.,,18.89,0.007485,2026-05-21T05:11:16.570184+00:00
38557083,haiku,claude-haiku-4-5,scale_validation,high,Applies item response theory to analyze adequacy and item properties of the Risky Loot Box Index instrument.,,8.08,0.006195,2026-05-21T05:11:28.266999+00:00
38557083,sonnet,claude-sonnet-4-6,scale_validation,high,"Study applies IRT (2PL model) to evaluate psychometric properties of the Risky Loot Box Index, including item discrimination and measurement invariance.",,4.75,0.012674,2026-05-21T05:11:32.296819+00:00
38557083,opus,claude-opus-4-7,scale_validation,high,"IRT psychometric analysis of the Risky Loot Box Index, assessing item properties, information function, and gender invariance.",,3.91,0.089475,2026-05-21T05:11:35.459123+00:00
32306232,sonnet,claude-sonnet-4-6,systematic_review,high,Conducted a systematic literature search across five databases selecting 55 articles from 1056 based on pre-determined criteria.,,3.39,0.012456,2026-05-21T05:11:37.051631+00:00
32306232,opus,claude-opus-4-7,systematic_review,high,"Abstract explicitly describes a systematic literature review across five named databases with pre-determined criteria, screening 1056 to 55 articles.",,3.84,0.091069,2026-05-21T05:11:39.372468+00:00
32306232,haiku,claude-haiku-4-5,systematic_review,high,Abstract explicitly describes systematic literature review with searches across five databases and predetermined selection criteria.,,10.76,0.008314,2026-05-21T05:11:36.344575+00:00
33604174,haiku,claude-haiku-4-5,cross_sectional,high,Abstract explicitly identifies design as 'cross-sectional natural experiment' with single-point pandemic measurement.,,9.73,0.007639,2026-05-21T05:11:40.441669+00:00
33604174,opus,claude-opus-4-7,cross_sectional,high,Abstract explicitly describes a 'cross-sectional natural experiment' with single-timepoint survey measures comparing isolated vs non-isolated participants.,,3.51,0.092475,2026-05-21T05:11:47.108239+00:00
37729858,sonnet,claude-sonnet-4-6,cross_sectional,high,A large-scale survey of 2601 adult players conducted at a single time point via Tencent Survey.,,2.74,0.012715,2026-05-21T05:11:50.619447+00:00
33604174,sonnet,claude-sonnet-4-6,experimental,high,Pre-registered natural experiment comparing isolated vs non-isolated groups with COVID-19 quarantine as manipulated independent variable.,,12.36,0.012692,2026-05-21T05:11:43.217687+00:00
37729858,opus,claude-opus-4-7,cross_sectional,high,Large-scale single-timepoint survey of 2601 adult players in China via Tencent Survey with correlational analyses.,,3.55,0.091012,2026-05-21T05:11:53.359781+00:00
37729858,haiku,claude-haiku-4-5,cross_sectional,high,Large-scale survey at single time point measuring correlations between loot box spending and mental health outcomes.,,9.5,0.007473,2026-05-21T05:11:50.168630+00:00
40945152,opus,claude-opus-4-7,content_analysis,high,Abstract explicitly describes content analysis of 100 highest-grossing iPhone games for loot box probability disclosure compliance.,,3.61,0.091144,2026-05-21T05:11:59.665784+00:00
40945152,sonnet,claude-sonnet-4-6,content_analysis,high,Abstract explicitly states 'content analysis' of 100 highest-grossing iPhone games to assess loot box probability disclosure compliance.,,6.53,0.012643,2026-05-21T05:11:56.908491+00:00
40945152,haiku,claude-haiku-4-5,content_analysis,high,Abstract explicitly states 'Content analysis' of loot-box disclosure compliance across 100 highest-grossing iPhone games.,,8.83,0.00688,2026-05-21T05:11:55.576073+00:00
31681510,haiku,claude-haiku-4-5,longitudinal,medium,Before-and-after study measuring players (n=112) at two time points: before and after loot box removal.,,57.11,0.039878,2026-05-21T05:11:09.902434+00:00
35129238,sonnet,claude-sonnet-4-6,cross_sectional,high,Abstract explicitly states 'the study was a cross-sectional online survey' measuring associations at a single time point.,,3.77,0.01297,2026-05-21T05:12:03.439576+00:00
35129238,opus,claude-opus-4-7,cross_sectional,high,"Abstract explicitly states 'cross-sectional online survey' of 16,196 UK gamers at a single time point.",,3.35,0.092456,2026-05-21T05:12:04.410398+00:00
31030176,sonnet,claude-sonnet-4-6,cross_sectional,high,Online questionnaires completed at a single time point across two independent adult samples via MTurk and undergraduates.,,3.54,0.012493,2026-05-21T05:12:07.205661+00:00
35129238,haiku,claude-haiku-4-5,cross_sectional,high,Abstract explicitly states 'The study was a cross-sectional online survey' measuring associations at a single time point.,,8.02,0.007035,2026-05-21T05:12:03.276774+00:00
31030176,opus,claude-opus-4-7,cross_sectional,high,"Two online questionnaire studies at single time points with correlational analyses, no manipulation or repeated measures.",,3.81,0.089381,2026-05-21T05:12:07.759565+00:00
38179078,sonnet,claude-sonnet-4-6,cross_sectional,high,Pre-registered survey of 1495 gamers at a single time point with Bayesian regression analyses.,,2.81,0.012441,2026-05-21T05:12:11.300763+00:00
38179078,opus,claude-opus-4-7,cross_sectional,high,Single pre-registered survey of 2718 gamers analyzed via Bayesian regressions at one time point.,,3.55,0.089437,2026-05-21T05:12:11.569456+00:00
39607381,sonnet,claude-sonnet-4-6,cross_sectional,high,"Single-sample survey of 703 Romanians completing instruments at one time point, no longitudinal follow-up mentioned.",,2.85,0.012568,2026-05-21T05:12:15.117779+00:00
39607381,opus,claude-opus-4-7,cross_sectional,high,"Single-time-point survey of 703 Romanian gamers completing instruments measuring problem gaming, gambling, and loot box risk.",,3.11,0.090806,2026-05-21T05:12:17.971929+00:00
39607381,haiku,claude-haiku-4-5,cross_sectional,high,"Sample completed questionnaire instruments at single time point; mediation analysis of cross-sectional associations, no longitudinal follow-up mentioned.",,7.08,0.00538,2026-05-21T05:12:14.110963+00:00
31030176,haiku,claude-haiku-4-5,cross_sectional,high,Online questionnaires completed at single timepoints examining cross-sectional associations between loot box engagement and gambling-related variables.,,14.18,0.010108,2026-05-21T05:12:07.015680+00:00
38179078,haiku,claude-haiku-4-5,cross_sectional,high,"Pre-registered survey analyzing cross-sectional associations between psychological variables and loot box engagement in 2,718 gamers.",,11.58,0.009908,2026-05-21T05:12:10.743721+00:00
34882238,opus,claude-opus-4-7,cross_sectional,high,Single-time survey of 475 participants on loot box habits with no repeated measures or manipulation.,,3.27,0.087263,2026-05-21T05:12:21.191568+00:00
34882238,sonnet,claude-sonnet-4-6,cross_sectional,high,475 participants were surveyed at a single time point about loot box habits and gambling-related outcomes.,,3.36,0.012201,2026-05-21T05:12:21.189834+00:00
36998766,sonnet,claude-sonnet-4-6,content_analysis,high,"Structured coding of game listings to assess compliance with loot box warning labels across ESRB, PEGI, and IARC.",,3.3,0.012981,2026-05-21T05:12:24.461043+00:00
34882238,haiku,claude-haiku-4-5,cross_sectional,high,Survey of 475 participants at single time point measuring associations between loot box use and psychological outcomes.,,6.79,0.005933,2026-05-21T05:12:21.084415+00:00
36998766,opus,claude-opus-4-7,content_analysis,high,Two studies structurally coded compliance of video games with ESRB/PEGI/IARC loot box warning labels across storefronts.,,3.83,0.091819,2026-05-21T05:12:24.554597+00:00
34945245,sonnet,claude-sonnet-4-6,scale_validation,high,Paper develops and validates the RAFFLE scale using EFA (n=503) and CFA (n=1495) with Cronbach's alpha reliability.,,3.59,0.012651,2026-05-21T05:12:27.874148+00:00
34945245,opus,claude-opus-4-7,scale_validation,high,Abstract describes development and validation of RAFFLE scale via EFA and CFA with Cronbach's alpha reliability.,,3.58,0.090037,2026-05-21T05:12:28.386905+00:00
34945245,haiku,claude-haiku-4-5,scale_validation,high,"Develops and validates RAFFLE scale through cognitive interviews, exploratory and confirmatory factor analysis with reliability testing.",,6.86,0.006019,2026-05-21T05:12:27.759352+00:00
40839469,sonnet,claude-sonnet-4-6,cross_sectional,high,The study recruited participants for a single survey assessing correlations between spending and problem gambling outcomes.,,3.56,0.012692,2026-05-21T05:12:31.968349+00:00
36998766,haiku,claude-haiku-4-5,content_analysis,high,"Structured coding and comparison of game loot-box label compliance across ESRB, PEGI, and IARC rating systems.",,14.23,0.011613,2026-05-21T05:12:22.327194+00:00
40839469,haiku,claude-haiku-4-5,cross_sectional,high,"Survey recruited players at single time point, measured spending-problem gambling correlations via cross-sectional analysis.",,6.12,0.005761,2026-05-21T05:12:31.466757+00:00
36623473,sonnet,claude-sonnet-4-6,cross_sectional,high,"Survey data collected from 5,997 high-school students at a single time point with no follow-up.",,2.87,0.012557,2026-05-21T05:12:36.556499+00:00
40839469,opus,claude-opus-4-7,cross_sectional,high,"Single-timepoint international survey of 1,961 card game players reporting correlations between spending and problem gambling.",,4.87,0.091237,2026-05-21T05:12:34.620734+00:00
36623473,opus,claude-opus-4-7,cross_sectional,high,"Single-timepoint survey of 5,997 high-school students with latent class analysis of self-reported measures.",,3.37,0.089231,2026-05-21T05:12:37.589312+00:00
35834117,sonnet,claude-sonnet-4-6,cross_sectional,high,Pre-registered study comparing purchasers vs earners at a single time point via survey measures of gambling and loot box harms.,,3.41,0.012422,2026-05-21T05:12:39.492742+00:00
36623473,haiku,claude-haiku-4-5,cross_sectional,high,Survey responses collected at single time point; latent class analysis identifies esports bettor subgroups.,,8.77,0.00665,2026-05-21T05:12:35.525923+00:00
35834117,opus,claude-opus-4-7,cross_sectional,high,"Pre-registered study comparing two groups (purchasers vs earners) on harm/impulsivity measures at a single time point, no manipulation.",,3.67,0.089025,2026-05-21T05:12:40.958363+00:00
30845155,sonnet,claude-sonnet-4-6,cross_sectional,high,"Large-scale survey of 1,172 gamers at a single time point measuring loot box spending and problem gambling severity.",,2.73,0.012452,2026-05-21T05:12:44.291863+00:00
30845155,opus,claude-opus-4-7,cross_sectional,high,"Large-scale single-timepoint survey of 1,172 gamers measuring loot box spending and problem gambling severity.",,2.86,0.088537,2026-05-21T05:12:44.625269+00:00
40369012,sonnet,claude-sonnet-4-6,content_analysis,high,"Researchers extracted engagement metrics from 22,000+ YouTube videos and coded them for loot box content presence.",,3.44,0.012085,2026-05-21T05:12:47.484589+00:00
30845155,haiku,claude-haiku-4-5,cross_sectional,high,"Large-scale survey (n=1,172) measuring association between loot box spending and problem gambling severity at single time point.",,9.55,0.00725,2026-05-21T05:12:42.899049+00:00
35834117,haiku,claude-haiku-4-5,cross_sectional,high,Pre-registered study comparing two groups (purchasers vs. earners) at single time-point; no experimental manipulation.,,14.39,0.011113,2026-05-21T05:12:39.429317+00:00
40369012,opus,claude-opus-4-7,content_analysis,high,"Structured extraction and analysis of engagement metrics from 22,000+ YouTube videos coded by loot box content.",,7.74,0.087225,2026-05-21T05:12:50.923333+00:00
40569695,sonnet,claude-sonnet-4-6,content_analysis,high,"Researchers coded 2,358 ads from Meta's repository for regulatory compliance, constituting structured analysis of advertising content.",,6.87,0.012617,2026-05-21T05:12:53.815231+00:00
40569695,opus,claude-opus-4-7,content_analysis,high,"Structured coding of 2,358 Meta ads for compliance with loot box disclosure rules.",,3.28,0.09015,2026-05-21T05:12:58.661742+00:00
35381433,sonnet,claude-sonnet-4-6,cross_sectional,high,Three secondary datasets from cross-sectional online surveys are explicitly used to explore loot box and problem gambling associations.,,2.85,0.012625,2026-05-21T05:13:01.943644+00:00
35381433,opus,claude-opus-4-7,cross_sectional,high,Uses three secondary datasets from cross-sectional online surveys to compare PGSI scores between groups.,,2.94,0.090075,2026-05-21T05:13:04.794711+00:00
40569695,haiku,claude-haiku-4-5,content_analysis,high,"Systematic analysis of advertisement content for loot box disclosure compliance using structured coding criteria applied to 2,358 ads.",,16.5,0.008656,2026-05-21T05:12:52.452914+00:00
35381433,haiku,claude-haiku-4-5,cross_sectional,high,Abstract explicitly states analysis used 'three secondary datasets from cross-sectional online surveys' without longitudinal follow-up.,,9.1,0.006932,2026-05-21T05:13:00.688172+00:00
40369012,haiku,claude-haiku-4-5,cross_sectional,high,"Compares engagement metrics across 22,000+ YouTube videos grouped by loot box presence at single time point.",,23.79,0.015702,2026-05-21T05:12:47.021126+00:00
31312481,sonnet,claude-sonnet-4-6,cross_sectional,high,Large-scale survey of 1155 adolescents at a single time point with no longitudinal follow-up.,,3.62,0.012317,2026-05-21T05:13:08.954161+00:00
31312481,opus,claude-opus-4-7,cross_sectional,high,Large-scale single-timepoint survey of 1155 adolescents aged 16-18 measuring loot box spending and problem gambling.,,3.66,0.088425,2026-05-21T05:13:09.784350+00:00
35933619,sonnet,claude-sonnet-4-6,cross_sectional,high,Preregistered survey of 879 PRC players at a single time point measuring loot box expenditure and gambling correlations.,,4.1,0.012801,2026-05-21T05:13:12.576760+00:00
31312481,haiku,claude-haiku-4-5,cross_sectional,high,Large-scale survey of adolescents (n=1155) at a single time point with no repeated measures or longitudinal follow-up.,,9.1,0.006077,2026-05-21T05:13:07.736384+00:00
35933619,opus,claude-opus-4-7,cross_sectional,high,Preregistered single-timepoint survey of 879 PRC players measuring correlations between loot box expenditure and gambling.,,3.93,0.091481,2026-05-21T05:13:13.442278+00:00
35933619,haiku,claude-haiku-4-5,cross_sectional,high,Preregistered survey (N=879) measuring correlations between loot box expenditure and gambling at single time point.,,8.92,0.006319,2026-05-21T05:13:10.812150+00:00
41556971,sonnet,claude-sonnet-4-6,review_commentary,high,Authors explicitly label this a 'commentary' offering critical opinion on ICD-11 scope without systematic search methods.,,3.33,0.012437,2026-05-21T05:13:16.839249+00:00
41556971,opus,claude-opus-4-7,review_commentary,high,Abstract explicitly labels itself a commentary critically considering inclusion of non-digital gaming in gaming disorder.,,3.8,0.089475,2026-05-21T05:13:17.376601+00:00
36202911,sonnet,claude-sonnet-4-6,experimental,high,Participants were randomly assigned to one of three reward conditions and outcomes measured post-gameplay.,,2.93,0.012246,2026-05-21T05:13:20.168142+00:00
36202911,opus,claude-opus-4-7,experimental,high,"Participants randomly exposed to one of three manipulated reward conditions (loot box, fixed, none) before BART risk-taking measurement.",,3.29,0.089606,2026-05-21T05:13:21.178799+00:00
31760581,sonnet,claude-sonnet-4-6,experimental,high,"The study reports two experiments manipulating loot box rarity and measuring arousal, reward responses, and post-reinforcement pauses.",,2.82,0.012385,2026-05-21T05:13:24.470436+00:00
41556971,haiku,claude-haiku-4-5,review_commentary,high,"Abstract uses 'critically considers' and 'call for research'—argumentative commentary without original data collection, systematic synthesis, or experimentation.",,11.63,0.007637,2026-05-21T05:13:16.682016+00:00
36202911,haiku,claude-haiku-4-5,experimental,high,Participants assigned to three manipulated reward conditions; effect on BART risk-taking measured via controlled comparison.,,9.52,0.007083,2026-05-21T05:13:19.736997+00:00
31760581,opus,claude-opus-4-7,experimental,high,"Two controlled experiments manipulating loot box rarity and measuring arousal/reward responses (SCR, PRP, force).",,3.62,0.088781,2026-05-21T05:13:27.293942+00:00
41058647,sonnet,claude-sonnet-4-6,cross_sectional,high,Abstract explicitly states 'A cross-sectional study used an online survey' with a single data collection point.,,2.99,0.012857,2026-05-21T05:13:29.260254+00:00
41058647,opus,claude-opus-4-7,cross_sectional,high,Abstract explicitly describes a cross-sectional online survey of 281 young adults at a single time point.,,3.05,0.092269,2026-05-21T05:13:30.911502+00:00
41058647,haiku,claude-haiku-4-5,cross_sectional,high,Abstract explicitly states 'A cross-sectional study' using online survey at single timepoint with regression analysis of associations.,,5.98,0.005444,2026-05-21T05:13:28.319444+00:00
31760581,haiku,claude-haiku-4-5,experimental,high,Two experiments manipulating loot box rarity and measuring physiological arousal and behavioral responses.,,11.76,0.006685,2026-05-21T05:13:23.102194+00:00
34121958,sonnet,claude-sonnet-4-6,cross_sectional,high,A single online survey of 471 gamers assessed gaming harms and loot box involvement at one time point.,,2.98,0.012306,2026-05-21T05:13:33.958410+00:00
34121958,opus,claude-opus-4-7,cross_sectional,high,"Single-timepoint survey of 471 gamers recruited via Prolific using Petry checklist, no repeated measures.",,3.53,0.088275,2026-05-21T05:13:34.305030+00:00
34121958,haiku,claude-haiku-4-5,cross_sectional,high,Single survey administration to 471 gamers; no follow-up timepoints or prospective design mentioned.,,6.23,0.005668,2026-05-21T05:13:32.253123+00:00
32203522,sonnet,claude-sonnet-4-6,cross_sectional,high,Abstract explicitly states 'large cross-sectional cross-national samples' surveyed at a single time point across three countries.,,2.94,0.012509,2026-05-21T05:13:36.935916+00:00
32203522,opus,claude-opus-4-7,cross_sectional,high,"Abstract explicitly describes a large cross-sectional cross-national survey of 1,049 participants at a single time point.",,3.56,0.08985,2026-05-21T05:13:37.832338+00:00
35954678,sonnet,claude-sonnet-4-6,review_commentary,high,The abstract presents a policy opinion on Swiss legislation and regulatory recommendations without a systematic search or empirical data collection.,,4.14,0.012223,2026-05-21T05:13:39.873816+00:00
32203522,haiku,claude-haiku-4-5,cross_sectional,high,Abstract explicitly describes 'cross-sectional cross-national samples' collecting survey data at single time point.,,10.15,0.006109,2026-05-21T05:13:34.857820+00:00
35954678,opus,claude-opus-4-7,review_commentary,high,"Policy/opinion piece discussing Swiss regulatory framework for video games and loot boxes, no systematic search method described.",,3.66,0.088219,2026-05-21T05:13:41.401340+00:00
35397261,sonnet,claude-sonnet-4-6,cross_sectional,high,Authors explicitly state 'cross-sectional nature of our findings' from a single survey of 1102 participants.,,3.57,0.01249,2026-05-21T05:13:45.005493+00:00
35954678,haiku,claude-haiku-4-5,review_commentary,high,Title signals 'Response to' regulation; abstract proposes frameworks and policy recommendations without systematic methods or empirical data.,,10.1,0.006243,2026-05-21T05:13:38.481637+00:00
35397261,haiku,claude-haiku-4-5,cross_sectional,high,Abstract explicitly identifies 'cross-sectional nature of our findings'; survey of 1102 individuals at one time point.,,9.94,0.006783,2026-05-21T05:13:44.009566+00:00
34258146,sonnet,claude-sonnet-4-6,systematic_review,high,Authors searched five electronic databases and reviewed 20 of 201 eligible studies using predefined criteria.,,6.52,0.012441,2026-05-21T05:13:48.577493+00:00
35397261,opus,claude-opus-4-7,cross_sectional,high,Authors explicitly describe a cross-sectional survey of 1102 loot box purchasers and acknowledge cross-sectional limitations.,,13.51,0.090881,2026-05-21T05:13:45.058510+00:00
34258146,opus,claude-opus-4-7,systematic_review,high,"Abstract explicitly describes a systematic review with predefined criteria and searches across PsycINFO, PubMed, Ovid, EBSCO, and Web of Science.",,4.98,0.091331,2026-05-21T05:13:53.947440+00:00
34258146,haiku,claude-haiku-4-5,systematic_review,high,"Describes systematic review: multiple database searches, predefined eligibility criteria, 20 studies selected from 201 examined.",,12.86,0.00888,2026-05-21T05:13:48.571764+00:00
29952052,sonnet,claude-sonnet-4-6,review_commentary,medium,Title suggests a conceptual/opinion piece linking loot boxes to IGD without indicating systematic search or empirical data collection.,,2.98,0.011312,2026-05-21T05:13:58.572518+00:00
29952052,opus,claude-opus-4-7,review_commentary,high,Title indicates a commentary/editorial in Addiction on predatory monetization and IGD; no abstract or empirical method provided.,,3.55,0.081131,2026-05-21T05:13:58.924428+00:00
35434248,sonnet,claude-sonnet-4-6,systematic_review,high,"Preregistered review with explicit database searches, inclusion criteria, and qualitative synthesis of 14 studies.",,3.17,0.012576,2026-05-21T05:14:01.556351+00:00
35434248,opus,claude-opus-4-7,systematic_review,high,Preregistered systematic review synthesising 14 studies with explicit inclusion criteria and database searches.,,3.23,0.090506,2026-05-21T05:14:02.474424+00:00
35434248,haiku,claude-haiku-4-5,systematic_review,high,"Abstract explicitly describes preregistered systematic review with electronic database search, inclusion criteria, and 14 studies synthesized.",,6.13,0.005663,2026-05-21T05:14:01.439141+00:00
34068271,sonnet,claude-sonnet-4-6,qualitative,high,Study used in-depth interviews with 28 gamers and reflexive thematic analysis to investigate loot box purchase motivations.,,3.07,0.012261,2026-05-21T05:14:05.700508+00:00
29952052,haiku,claude-haiku-4-5,unspecified,high,Abstract not provided; title alone insufficient to determine study design.,,14.12,0.009743,2026-05-21T05:13:55.093642+00:00
34068271,opus,claude-opus-4-7,qualitative,high,In-depth interviews with 28 gamers analyzed via reflexive thematic analysis.,,3.27,0.087412,2026-05-21T05:14:07.566487+00:00
40887505,sonnet,claude-sonnet-4-6,cross_sectional,high,Participants completed a single online survey measuring alcohol consumption and loot box spending at one time point.,,3.58,0.012103,2026-05-21T05:14:09.216692+00:00
34068271,haiku,claude-haiku-4-5,qualitative,high,Abstract explicitly describes qualitative study using in-depth interviews with thematic analysis.,,8.89,0.006347,2026-05-21T05:14:04.730013+00:00
40887505,opus,claude-opus-4-7,cross_sectional,high,Pre-registered online survey at a single time point with N=199 assessing correlations between alcohol use and loot box spending.,,3.51,0.087469,2026-05-21T05:14:10.841314+00:00
38868486,sonnet,claude-sonnet-4-6,unspecified,high,"The paper is explicitly a case report of a single patient, which does not fit any taxonomy category listed.",,3.47,0.011901,2026-05-21T05:14:13.621128+00:00
40887505,haiku,claude-haiku-4-5,cross_sectional,high,Online survey at single time point examining correlations between alcohol consumption and loot box spending.,,9.14,0.00639,2026-05-21T05:14:08.771950+00:00
38868486,opus,claude-opus-4-7,qualitative,medium,"Abstract describes a single clinical case report of gaming disorder, which fits qualitative case-study reporting rather than other taxonomy categories.",,4.26,0.086794,2026-05-21T05:14:14.352766+00:00
40980049,opus,claude-opus-4-7,review_commentary,high,"Title explicitly labels the paper as a 'Commentary' on another study, indicating opinion/commentary rather than empirical research.",,4.29,0.081544,2026-05-21T05:14:18.611076+00:00
38868486,haiku,claude-haiku-4-5,unspecified,high,"Abstract explicitly describes a case report of a single patient, which is not covered by the provided taxonomy categories.",,10.42,0.007126,2026-05-21T05:14:12.799643+00:00
40980049,sonnet,claude-sonnet-4-6,review_commentary,high,"Title explicitly labels the paper as a 'Commentary' on another study, indicating editorial/opinion design.",,8.91,0.011271,2026-05-21T05:14:17.912205+00:00
41670808,haiku,claude-haiku-4-5,cross_sectional,high,Abstract explicitly states 'cross-sectional online survey' with single time-point data collection and hierarchical regression analysis.,,6.3,0.006271,2026-05-21T05:14:22.904995+00:00
41670808,opus,claude-opus-4-7,cross_sectional,high,Abstract explicitly states 'A cross-sectional online survey was conducted among 433 active gamers' at a single time point.,,3.79,0.091537,2026-05-21T05:14:26.819179+00:00
40980049,haiku,claude-haiku-4-5,review_commentary,high,"Title explicitly labels this as 'Commentary:' — a response to another study, not original research.",,15.03,0.004848,2026-05-21T05:14:17.086592+00:00
41670808,sonnet,claude-sonnet-4-6,cross_sectional,high,Abstract explicitly states 'a cross-sectional online survey was conducted among 433 active gamers.',,9.75,0.012719,2026-05-21T05:14:23.218702+00:00
37756294,sonnet,claude-sonnet-4-6,content_analysis,high,"Study systematically coded loot box probability disclosure compliance across 100 top-grossing UK iPhone games, structured coding of game content.",,3.5,0.01243,2026-05-21T05:14:30.613673+00:00
37756294,opus,claude-opus-4-7,content_analysis,high,Structured coding of loot box presence and probability disclosure compliance across 100 highest-grossing UK iPhone games.,,3.3,0.089138,2026-05-21T05:14:32.114844+00:00
40727402,sonnet,claude-sonnet-4-6,experimental,low,"Reanalysis of two existing datasets testing associations, not a new experimental manipulation or systematic search.",,2.89,0.012314,2026-05-21T05:14:34.109797+00:00
37756294,haiku,claude-haiku-4-5,content_analysis,high,Structured coding of loot box mechanics and probability disclosure formats across 100 games' content.,,9.49,0.006839,2026-05-21T05:14:29.210301+00:00
40727402,opus,claude-opus-4-7,cross_sectional,medium,Secondary reanalysis of two publicly available cross-sectional survey datasets examining associations between loot box spending and distress.,,4.14,0.0888,2026-05-21T05:14:35.412026+00:00
40438542,sonnet,claude-sonnet-4-6,longitudinal,high,Games were examined at two time points: January–June 2024 (before) and July–December 2024 (after) self-regulation implementation.,,2.82,0.012872,2026-05-21T05:14:38.696284+00:00
40438542,haiku,claude-haiku-4-5,longitudinal,high,Abstract explicitly states 'longitudinally examined' games at two time points (pre- and post-July 2024 regulation) to assess compliance changes.,,7.39,0.006362,2026-05-21T05:14:36.997524+00:00
40438542,opus,claude-opus-4-7,longitudinal,high,Abstract explicitly describes longitudinal examination of 100 games across two time periods before and after July 2024 self-regulations.,,7.24,0.091519,2026-05-21T05:14:39.551745+00:00
40727402,haiku,claude-haiku-4-5,cross_sectional,medium,"Reanalysis of two datasets examining associations between loot box spending and psychological distress, suggesting cross-sectional observational design.",,14.36,0.009958,2026-05-21T05:14:32.970148+00:00
39430791,sonnet,claude-sonnet-4-6,longitudinal,high,"Four-wave survey with 6-month intervals across 2021-2022, analyzing within-person and between-person effects over time.",,3.21,0.012629,2026-05-21T05:14:44.386554+00:00
39430791,opus,claude-opus-4-7,longitudinal,high,Four-wave population survey at 6-month intervals with within-person hybrid models across multiple time points.,,3.08,0.090075,2026-05-21T05:14:46.796487+00:00
39430791,haiku,claude-haiku-4-5,longitudinal,high,Four-wave longitudinal design with repeated measures at 6-month intervals.,,8.83,0.007203,2026-05-21T05:14:41.516573+00:00
37159337,opus,claude-opus-4-7,systematic_review,high,"Scoping review with systematic search across Ovid, Embsco, ProQuest, Google Scholar yielding 2,437 articles and explicit inclusion criteria.",,3.06,0.091725,2026-05-21T05:14:49.881667+00:00
29435822,sonnet,claude-sonnet-4-6,longitudinal,high,Standardized representative longitudinal survey over 1-year period with two measurement stages across 1178 adolescents.,,2.69,0.01261,2026-05-21T05:14:52.944445+00:00
37159337,sonnet,claude-sonnet-4-6,systematic_review,high,"Explicit systematic database search across Ovid, Ebsco, ProQuest with 2,437 articles screened and 38 meeting inclusion criteria.",,10.5,0.012741,2026-05-21T05:14:47.598123+00:00
29435822,haiku,claude-haiku-4-5,longitudinal,high,Title and abstract explicitly state 'longitudinal study' with two survey waves over 1-year period.,,8.3,0.007014,2026-05-21T05:14:50.346386+00:00
29435822,opus,claude-opus-4-7,longitudinal,high,Abstract explicitly describes a standardized representative longitudinal survey over a 1-year period with two stages of surveying.,,3.32,0.090788,2026-05-21T05:14:55.632243+00:00
36134206,opus,claude-opus-4-7,scale_validation,high,Psychometric evaluation of Swedish Risky Loot Box Index using EFA and CFA.,,3.19,0.091275,2026-05-21T05:14:58.950892+00:00
36134206,sonnet,claude-sonnet-4-6,scale_validation,high,Study conducts EFA and CFA to psychometrically validate a Swedish version of the Risky Loot Box Index instrument.,,3.93,0.012906,2026-05-21T05:14:58.643145+00:00
36134206,haiku,claude-haiku-4-5,scale_validation,high,Study uses EFA and CFA to validate psychometric properties of the Swedish Risky Loot Box Index instrument.,,6.32,0.006107,2026-05-21T05:14:58.094117+00:00
30955212,sonnet,claude-sonnet-4-6,review_commentary,high,"Title identifies this as a direct reply/response piece, indicating it is a commentary rather than an empirical study.",,4.04,0.011316,2026-05-21T05:15:02.576390+00:00
37159337,haiku,claude-haiku-4-5,systematic_review,high,Scoping review with systematic search of named databases and explicit inclusion criteria applied to 38 articles.,,20.25,0.008244,2026-05-21T05:14:47.325591+00:00
30955212,opus,claude-opus-4-7,review_commentary,high,"Title explicitly identifies the paper as a 'reply to' another article, indicating a commentary/letter response.",,3.47,0.080794,2026-05-21T05:15:04.413731+00:00
30955212,haiku,claude-haiku-4-5,review_commentary,high,"Title explicitly states 'a reply to' another study, indicating response or commentary piece.",,9.41,0.007042,2026-05-21T05:15:02.142501+00:00
41037849,opus,claude-opus-4-7,cross_sectional,high,Abstract explicitly describes a multi-country cross-sectional survey (IGS22) of 955 individuals analyzed with logistic regression.,,3.87,0.089456,2026-05-21T05:15:07.889016+00:00
41037849,sonnet,claude-sonnet-4-6,cross_sectional,high,Abstract explicitly states data came from a multi-country cross-sectional survey (IGS22) at a single time point.,,4.37,0.012497,2026-05-21T05:15:07.576716+00:00
41037849,haiku,claude-haiku-4-5,cross_sectional,high,Abstract explicitly states 'multi-country cross sectional survey' with 955 participants at single 2022 time point.,,10.67,0.008176,2026-05-21T05:15:06.618934+00:00
32353204,sonnet,claude-sonnet-4-6,qualitative,high,"Single case report using clinical narrative and motivational interviewing, not a survey or experiment.",,5.81,0.012036,2026-05-21T05:15:11.761297+00:00
35991334,sonnet,claude-sonnet-4-6,cross_sectional,high,"2728 participants answered a single survey assessing loot box spending, problem gambling, and wellbeing at one time point.",,3.26,0.012246,2026-05-21T05:15:17.568247+00:00
32353204,haiku,claude-haiku-4-5,unspecified,high,"Paper is explicitly a single case report (n=1), which is not included in the provided taxonomy.",,13.48,0.008893,2026-05-21T05:15:11.556957+00:00
35991334,opus,claude-opus-4-7,cross_sectional,high,Single-timepoint survey of 2728 participants assessing correlations between loot box spending and gambling/wellbeing measures.,,4.75,0.088369,2026-05-21T05:15:20.828391+00:00
35991334,haiku,claude-haiku-4-5,cross_sectional,high,"Single survey of 2,728 participants examining loot box spending correlations with problem gambling and wellbeing.",,8.77,0.008045,2026-05-21T05:15:17.291855+00:00
38197896,opus,claude-opus-4-7,cross_sectional,high,"Two independent online surveys collecting sociodemographic and gaming data at single time points, no repeated measures.",,3.74,0.089362,2026-05-21T05:15:26.065547+00:00
38197896,sonnet,claude-sonnet-4-6,cross_sectional,high,Two independent online surveys collected data at a single time point with no repeated measures or longitudinal follow-up.,,4.81,0.012542,2026-05-21T05:15:25.580060+00:00
38197896,haiku,claude-haiku-4-5,cross_sectional,high,Two independent online surveys collected sociodemographic and gaming data at single time points without prospective follow-up.,,6.76,0.005719,2026-05-21T05:15:25.035051+00:00
38743487,sonnet,claude-sonnet-4-6,cross_sectional,high,Random Digit Dialling survey at a single time point using ordinal logistic regression on weighted population sample.,,3.08,0.012726,2026-05-21T05:15:30.392629+00:00
38743487,opus,claude-opus-4-7,cross_sectional,high,"National Random Digit Dialling survey of 15,000 Australian adults at one time point with ordinal logistic regression.",,3.25,0.091762,2026-05-21T05:15:31.791443+00:00
36606732,haiku,claude-haiku-4-5,longitudinal,high,"Title explicitly states 'Longitudinal analysis'; abstract describes two-wave survey (July 2019, July–October 2020) with 2,080 participants in both waves.",,6.7,0.005989,2026-05-21T05:15:33.468925+00:00
36606732,sonnet,claude-sonnet-4-6,longitudinal,high,Two-wave online survey (2019 and 2020) with repeated measures across time points explicitly stated.,,6.53,0.012977,2026-05-21T05:15:35.042972+00:00
38743487,haiku,claude-haiku-4-5,cross_sectional,high,"Random digit dialling survey of 15,000 Australian adults at single time point measuring harm prevalence and risk factors.",,12.12,0.010819,2026-05-21T05:15:29.802697+00:00
36606732,opus,claude-opus-4-7,longitudinal,high,"Two-wave online longitudinal survey (2019, 2020) with 2080 participants and random-effects models across waves.",,9.73,0.093056,2026-05-21T05:15:40.169361+00:00
36864740,sonnet,claude-sonnet-4-6,review_commentary,high,"The paper is an opinion/debate piece arguing a position on industry-academic collaboration, with no empirical data collection.",,8.43,0.012475,2026-05-21T05:15:41.926069+00:00
36864740,opus,claude-opus-4-7,review_commentary,high,"Titled 'Debate' and presents the author's opinion responding to other commentaries, with no empirical method described.",,5.87,0.089063,2026-05-21T05:15:49.905896+00:00
36864740,haiku,claude-haiku-4-5,review_commentary,high,"Title explicitly marks as 'Debate'; abstract presents argumentative opinion on research collaboration ethics, not empirical research.",,14.33,0.007512,2026-05-21T05:15:41.570489+00:00
41391469,haiku,claude-haiku-4-5,cross_sectional,high,Title and abstract explicitly state cross-sectional design; single time-point survey data collection (April–May 2023).,,9.76,0.007982,2026-05-21T05:15:50.355384+00:00
41391469,sonnet,claude-sonnet-4-6,cross_sectional,high,Authors explicitly state 'cross-sectional study' using single time-point 2023 ESPAD Italia survey data.,,7.81,0.013078,2026-05-21T05:15:55.781000+00:00
39241535,sonnet,claude-sonnet-4-6,cross_sectional,high,Abstract explicitly states 'the present study used a cross-sectional design' with 451 adolescents surveyed at one time point.,,4.49,0.012719,2026-05-21T05:16:03.591048+00:00
39241535,haiku,claude-haiku-4-5,cross_sectional,high,Abstract explicitly states 'The present study used a cross-sectional design' with single time-point data collection.,,8.27,0.005279,2026-05-21T05:16:00.116131+00:00
41391469,opus,claude-opus-4-7,cross_sectional,high,"Abstract explicitly describes a cross-sectional survey of 11,965 Italian adolescents using the 2023 ESPAD Italia questionnaire at one time point.",,14.82,0.093937,2026-05-21T05:15:55.924488+00:00
39241535,opus,claude-opus-4-7,cross_sectional,high,Abstract explicitly states 'the present study used a cross-sectional design' with 451 adolescents surveyed at one time point.,,7.93,0.091013,2026-05-21T05:16:08.078196+00:00
30746800,sonnet,claude-sonnet-4-6,review_commentary,medium,"Title frames a policy question without describing empirical data collection, suggesting commentary or opinion piece.",,10.02,0.011189,2026-05-21T05:16:10.749218+00:00
30746800,haiku,claude-haiku-4-5,unspecified,low,No abstract provided; title alone insufficient to determine study design versus policy discussion.,,16.24,0.006613,2026-05-21T05:16:08.391401+00:00
30746800,opus,claude-opus-4-7,review_commentary,medium,Title framed as policy question with no abstract; Addiction often publishes such short commentaries on loot box policy.,,10.48,0.080531,2026-05-21T05:16:16.007679+00:00
35722786,sonnet,claude-sonnet-4-6,review_commentary,high,"Title 'Response to Xiao et al.' indicates a direct reply/commentary with no abstract, signaling editorial opinion piece.",,7.77,0.01132,2026-05-21T05:16:24.629464+00:00
35722786,haiku,claude-haiku-4-5,review_commentary,high,"Title explicitly labels this as 'Response to Xiao et al.', indicating commentary rather than original research.",,12.63,0.006202,2026-05-21T05:16:20.781408+00:00
35722786,opus,claude-opus-4-7,review_commentary,high,"Title indicates a response/letter to another article, characteristic of commentary.",,8.13,0.0795,2026-05-21T05:16:26.489879+00:00
31704434,sonnet,claude-sonnet-4-6,review_commentary,high,"Title indicates a policy opinion piece; no empirical methods, data, or systematic search described.",,6.05,0.011159,2026-05-21T05:16:33.416627+00:00
31704434,opus,claude-opus-4-7,review_commentary,high,"Title signals a policy commentary/opinion piece on loot box regulation, not an empirical study.",,6.2,0.079875,2026-05-21T05:16:34.626550+00:00
32353204,opus,claude-opus-4-7,,,,rc=124,90.08,0.0,2026-05-21T05:15:11.943653+00:00
41860608,sonnet,claude-sonnet-4-6,scale_validation,high,"Develops and validates PBS-5 via psychometric analysis including factorial structure, internal consistency, ROC, and cut-off determination.",,9.2,0.013007,2026-05-21T05:16:40.824839+00:00
31704434,haiku,claude-haiku-4-5,review_commentary,medium,"Title uses 'cautious approach' and 'public policy' framing, indicating normative policy commentary rather than empirical methods.",,17.66,0.009121,2026-05-21T05:16:32.398727+00:00
31366420,sonnet,claude-sonnet-4-6,review_commentary,high,The article briefly examines and describes gaming disorder characteristics and treatment options without a systematic search method.,,6.62,0.011642,2026-05-21T05:16:50.063264+00:00
41860608,opus,claude-opus-4-7,scale_validation,high,"Develops and evaluates PBS-5 psychometrics (factor structure, internal consistency, ROC cut-offs) from ACSID-11 in Swiss surveys.",,15.55,0.094013,2026-05-21T05:16:42.020953+00:00
41860608,haiku,claude-haiku-4-5,scale_validation,high,"Explicit psychometric validation—factorial structure, internal consistency, ROC-based cut-off determination, external validity against PHQ-4.",,19.78,0.010633,2026-05-21T05:16:39.466707+00:00
31366420,opus,claude-opus-4-7,review_commentary,high,"Article briefly examines and describes gaming disorder features and treatment options from an Irish perspective, with no systematic search method.",,3.82,0.084713,2026-05-21T05:16:56.684798+00:00
31366420,haiku,claude-haiku-4-5,review_commentary,high,"Abstract describes examining characteristics, discussing features, and reviewing treatment options without systematic methodology or empirical research.",,11.29,0.006,2026-05-21T05:16:50.028860+00:00
27363690,sonnet,claude-sonnet-4-6,cross_sectional,high,Survey assessed individual differences and motivations at a single time point among social casino gamers.,,3.23,0.012374,2026-05-21T05:16:59.248882+00:00
27363690,opus,claude-opus-4-7,cross_sectional,high,"Single-timepoint assessment of individual differences and self-reported motivations among social casino gamers, with no manipulation or repeated measures.",,4.0,0.0903,2026-05-21T05:17:00.508665+00:00
27363690,haiku,claude-haiku-4-5,cross_sectional,high,Single-point assessment comparing micro-transactors vs. non-transactors on psychological variables; no repeated measures or temporal component mentioned.,,7.03,0.005895,2026-05-21T05:16:57.575702+00:00
35385397,sonnet,claude-sonnet-4-6,cross_sectional,high,Two survey samples measured past-month loot box purchasing and problem gambling at a single time point.,,4.06,0.012531,2026-05-21T05:17:02.479191+00:00
35385397,opus,claude-opus-4-7,cross_sectional,high,Two survey samples of adolescents assessed at a single time point with past-month measures and bivariate/regression analyses.,,4.53,0.090581,2026-05-21T05:17:04.512078+00:00
38571884,sonnet,claude-sonnet-4-6,cross_sectional,high,Clinical sample measured GD symptoms and game preferences at a single time point with no longitudinal follow-up.,,3.06,0.012449,2026-05-21T05:17:06.544121+00:00
35385397,haiku,claude-haiku-4-5,cross_sectional,high,Two survey samples recruited at single timepoint with associations examined via logistic regression; no longitudinal or experimental elements described.,,11.39,0.008714,2026-05-21T05:17:01.324248+00:00
38571884,haiku,claude-haiku-4-5,cross_sectional,high,Single time-point assessment of game preferences and GD symptoms in 85 clinical patients without longitudinal follow-up.,,11.61,0.007874,2026-05-21T05:17:04.606396+00:00
38571884,opus,claude-opus-4-7,cross_sectional,high,Single-timepoint survey of 85 clinical patients measuring GD symptoms via GASA with no repeated measures or manipulation.,,9.55,0.090431,2026-05-21T05:17:09.043970+00:00
35217933,sonnet,claude-sonnet-4-6,cross_sectional,high,Abstract explicitly states data were collected via a cross-sectional online survey with 737 participants.,,8.31,0.012299,2026-05-21T05:17:12.733058+00:00
35217933,opus,claude-opus-4-7,cross_sectional,high,Abstract states data collected via a cross-sectional online survey with 737 participants at a single time point.,,7.36,0.088706,2026-05-21T05:17:16.214377+00:00
35217933,haiku,claude-haiku-4-5,cross_sectional,high,Abstract explicitly states 'Data were collected via a cross-sectional online survey' at single time point.,,14.72,0.006772,2026-05-21T05:17:09.605748+00:00
41567349,sonnet,claude-sonnet-4-6,scale_validation,high,"Study develops and validates STEPS-IDD using EFA, Cronbach's alpha, ROC analyses, and construct/concurrent validity assessment.",,6.38,0.012872,2026-05-21T05:17:21.044154+00:00
41567349,haiku,claude-haiku-4-5,scale_validation,high,"Abstract explicitly describes instrument development with EFA, Cronbach's alpha, concurrent validity, and ROC analyses.",,13.02,0.006294,2026-05-21T05:17:18.597530+00:00
41567349,opus,claude-opus-4-7,scale_validation,high,"Develops and validates STEPS-IDD using EFA, Cronbach's alpha, concurrent validity, and ROC cut-offs—classic psychometric instrument validation.",,10.02,0.093637,2026-05-21T05:17:23.576928+00:00
41186668,sonnet,claude-sonnet-4-6,longitudinal,high,"Survey data collected from 949 Finnish adults every six months from spring 2021 to fall 2024, spanning multiple time points.",,9.76,0.01219,2026-05-21T05:17:27.427225+00:00
41186668,haiku,claude-haiku-4-5,longitudinal,high,Prospective repeated-measures survey: data collected every six months from spring 2021 to fall 2024 measuring gambling problems over time.,,13.69,0.006775,2026-05-21T05:17:24.327801+00:00
41186668,opus,claude-opus-4-7,longitudinal,high,"Nationwide survey data collected every six months from 2021 to 2024 from 949 participants, explicitly longitudinal repeated-measures design.",,7.91,0.087806,2026-05-21T05:17:31.615564+00:00
36003120,haiku,claude-haiku-4-5,cross_sectional,high,Abstract explicitly states 'cross-sectional observational design' with single time-point survey of 519 students.,,8.1,0.005513,2026-05-21T05:17:33.602042+00:00
36003120,opus,claude-opus-4-7,cross_sectional,high,Abstract explicitly states 'cross-sectional observational design' with a single survey of 519 upper secondary students.,,4.83,0.092213,2026-05-21T05:17:38.021390+00:00
36003120,sonnet,claude-sonnet-4-6,cross_sectional,high,Abstract explicitly states 'cross-sectional observational design' with a single survey of 519 students.,,6.11,0.012929,2026-05-21T05:17:37.190523+00:00
39535584,opus,claude-opus-4-7,cross_sectional,high,"Single-timepoint survey of 370 participants answering questionnaires, analyzed with SEM; no repeated measures or manipulation.",,7.8,0.091275,2026-05-21T05:17:42.856778+00:00
39535584,sonnet,claude-sonnet-4-6,cross_sectional,high,"A single sample of 370 participants completed self-report measures at one time point, analyzed via structural equation modelling.",,9.88,0.012584,2026-05-21T05:17:41.701477+00:00
39535584,haiku,claude-haiku-4-5,cross_sectional,high,Single sample of 370 participants answered survey questions at one time point; structural equation modeling tested associations without follow-up.,,12.91,0.007053,2026-05-21T05:17:39.523380+00:00
25410278,sonnet,claude-sonnet-4-6,longitudinal,high,Participants were surveyed at baseline and re-contacted 6 months later to assess migration to online gambling.,,4.21,0.012257,2026-05-21T05:17:50.658455+00:00
25410278,opus,claude-opus-4-7,longitudinal,high,"Participants completed baseline questionnaire and were re-contacted 6 months later to assess migration, indicating a prospective two-wave design.",,4.87,0.088575,2026-05-21T05:17:51.586824+00:00
25410278,haiku,claude-haiku-4-5,longitudinal,high,Baseline questionnaire with 6-month follow-up re-contact measuring migration to online gambling across two time points.,,13.7,0.007332,2026-05-21T05:17:43.299557+00:00
30110801,sonnet,claude-sonnet-4-6,content_analysis,medium,"Study extracts and analyzes structured data from gambling logs of an online lottery game, coding behavioral patterns.",,4.3,0.011834,2026-05-21T05:17:54.868191+00:00
30110801,opus,claude-opus-4-7,content_analysis,medium,"Structured quantitative analysis of gambling logs extracting distributions of bet value, pool size, and waiting times from an online lottery game.",,4.01,0.0852,2026-05-21T05:17:56.459888+00:00
36704251,opus,claude-opus-4-7,cross_sectional,high,Single-timepoint sample of 295 players combining donated playtime/spend data with wellbeing measures analyzed via quantile regression.,,3.71,0.087375,2026-05-21T05:18:00.471714+00:00
36704251,sonnet,claude-sonnet-4-6,cross_sectional,high,Player-donated data and wellbeing measures were collected at a single time point from 295 players without follow-up.,,5.52,0.012156,2026-05-21T05:17:59.163701+00:00
36704251,haiku,claude-haiku-4-5,cross_sectional,high,Single-timepoint collection of objective spending/playtime data combined with psycho-environmental and wellbeing measures from 295 players.,,12.49,0.00919,2026-05-21T05:17:56.998251+00:00
35604522,sonnet,claude-sonnet-4-6,qualitative,high,Qualitative inductive content analysis of open-ended responses identifying themes about motives to engage with or refrain from gambling/loot boxes.,,5.31,0.012471,2026-05-21T05:18:04.684436+00:00
30110801,haiku,claude-haiku-4-5,unspecified,medium,Applies random-walk mathematical modeling to probability distributions extracted from game logs without experimental or survey design.,,18.12,0.011178,2026-05-21T05:17:52.436354+00:00
37915884,sonnet,claude-sonnet-4-6,cross_sectional,high,Abstract explicitly states 'cross-sectional survey data were collected in April 2021' at a single time point.,,5.91,0.012396,2026-05-21T05:18:10.556883+00:00
35604522,opus,claude-opus-4-7,qualitative,high,Abstract explicitly describes open-ended questions analyzed via qualitative inductive content analysis to identify motive themes.,,7.58,0.089025,2026-05-21T05:18:09.489084+00:00
35604522,haiku,claude-haiku-4-5,qualitative,high,Inductive content analysis identified themes from open-ended survey questions about motives.,,14.41,0.009151,2026-05-21T05:18:04.181778+00:00
37915884,opus,claude-opus-4-7,cross_sectional,high,Abstract explicitly states 'Cross-sectional survey data were collected in April 2021' from past-year gamblers.,,3.75,0.089287,2026-05-21T05:18:16.463525+00:00
37915884,haiku,claude-haiku-4-5,cross_sectional,high,Abstract explicitly states 'Cross-sectional survey data were collected in April 2021' at single time point.,,11.02,0.006638,2026-05-21T05:18:09.994076+00:00
