pmid,tier,model,heuristic_verdict,llm_verdict,llm_domains,agreement,parse_error,error,latency_s,cost_usd
37594878,haiku,claude-haiku-4-5,Include,Include,D3|Cross-domain,yes,,,13.26,0.008205
38890438,haiku,claude-haiku-4-5,Include,Include,D3,yes,,,22.24,0.015613
39264722,haiku,claude-haiku-4-5,Include,Include,D3,yes,,,47.49,0.028057
31129456,haiku,claude-haiku-4-5,Include,Include,D3,yes,,,14.26,0.009147
34413815,haiku,claude-haiku-4-5,Include,Include,D3,yes,,,16.27,0.010499
32379808,haiku,claude-haiku-4-5,Include,Exclude,,no,,,19.97,0.013323
40161348,haiku,claude-haiku-4-5,Include,Include,D3|Cross-domain,yes,,,28.05,0.01946
35085370,haiku,claude-haiku-4-5,Include,Include,D3|Cross-domain,yes,,,16.35,0.011989
32822251,haiku,claude-haiku-4-5,Include,Include,D1|D3|Cross-domain,yes,,,22.32,0.018406
31881408,haiku,claude-haiku-4-5,Include,Include,D3,yes,,,21.42,0.014511
32106893,haiku,claude-haiku-4-5,Include,Exclude,,no,,,16.4,0.012188
31978759,haiku,claude-haiku-4-5,Include,Include,D3|Cross-domain,yes,,,16.68,0.013783
33560241,haiku,claude-haiku-4-5,Include,Include,D3,yes,,,42.02,0.028941
38148441,haiku,claude-haiku-4-5,Include,Include,D3,yes,,,21.25,0.013912
38603322,haiku,claude-haiku-4-5,Include,Exclude,,no,,,27.3,0.011718
41140132,haiku,claude-haiku-4-5,Include,Exclude,,no,,,19.72,0.012395
39302638,haiku,claude-haiku-4-5,Include,Include,D3,yes,,,16.95,0.011643
36274342,haiku,claude-haiku-4-5,Include,Include,D3,yes,,,22.16,0.012257
36497782,haiku,claude-haiku-4-5,Include,Include,D3|Cross-domain,yes,,,16.24,0.010927
35058842,haiku,claude-haiku-4-5,Include,Exclude,,no,,,30.52,0.018573
37151299,haiku,claude-haiku-4-5,Include,Include,D3,yes,,,14.06,0.01016
35990074,haiku,claude-haiku-4-5,Include,Include,D3,yes,,,29.57,0.018447
41842938,haiku,claude-haiku-4-5,Include,Include,D1|D3,yes,,,20.53,0.013405
33578105,haiku,claude-haiku-4-5,Include,Include,D3|Cross-domain,yes,,,13.39,0.0092
40211461,haiku,claude-haiku-4-5,Include,Exclude,,no,,,18.93,0.011114
32514653,haiku,claude-haiku-4-5,Include,Include,D3,yes,,,24.09,0.018098
31681510,haiku,claude-haiku-4-5,Include,Include,D3|Cross-domain,yes,,,13.48,0.010505
38557083,haiku,claude-haiku-4-5,Include,Include,D3,yes,,,18.87,0.011557
37729858,haiku,claude-haiku-4-5,Include,Include,D3,yes,,,17.35,0.01231
32306232,haiku,claude-haiku-4-5,Include,Maybe,D3,no,,,23.41,0.014041
35733406,haiku,claude-haiku-4-5,Include,Exclude,,no,,,46.29,0.029912
38126068,haiku,claude-haiku-4-5,Include,Include,D3|Cross-domain,yes,,,33.59,0.022067
40307922,haiku,claude-haiku-4-5,Include,Include,D3,yes,,,41.44,0.028678
33604174,haiku,claude-haiku-4-5,Include,Include,D3,yes,,,31.5,0.021506
40945152,haiku,claude-haiku-4-5,Include,Exclude,,no,,,28.54,0.017392
35129238,haiku,claude-haiku-4-5,Include,Include,D3|Cross-domain,yes,,,16.16,0.011747
38179078,haiku,claude-haiku-4-5,Include,Include,D3|Cross-domain,yes,,,16.84,0.014545
33886033,haiku,claude-haiku-4-5,Exclude,Exclude,,yes,,,25.0,0.016333
39607381,haiku,claude-haiku-4-5,Include,Include,D3,yes,,,16.2,0.010982
34945245,haiku,claude-haiku-4-5,Include,Include,D3|Cross-domain,yes,,,15.75,0.009911
36998766,haiku,claude-haiku-4-5,Include,Exclude,,no,,,18.07,0.010785
41179232,haiku,claude-haiku-4-5,Exclude,Exclude,,yes,,,14.62,0.008306
34882238,haiku,claude-haiku-4-5,Include,Include,D1|D3|Cross-domain,yes,,,32.81,0.018705
35834117,haiku,claude-haiku-4-5,Include,Include,D3,yes,,,18.97,0.010595
31030176,haiku,claude-haiku-4-5,Include,Include,D3,yes,,,40.5,0.0268
40839469,haiku,claude-haiku-4-5,Include,Include,D1|D3,yes,,,22.85,0.015213
33012944,haiku,claude-haiku-4-5,Include,Maybe,D4,no,,,35.39,0.019995
30845155,haiku,claude-haiku-4-5,Include,Include,D3,yes,,,21.97,0.015587
36623473,haiku,claude-haiku-4-5,Include,Exclude,,no,,,34.52,0.020497
34267563,haiku,claude-haiku-4-5,Exclude,Exclude,,yes,,,21.45,0.010246
41556971,haiku,claude-haiku-4-5,Include,Exclude,,no,,,14.35,0.010989
40569695,haiku,claude-haiku-4-5,Include,Exclude,,no,,,30.23,0.012688
35381433,haiku,claude-haiku-4-5,Include,Include,D3|Cross-domain,yes,,,30.78,0.011054
35933619,haiku,claude-haiku-4-5,Include,Include,D3|Cross-domain,yes,,,29.34,0.019311
40369012,haiku,claude-haiku-4-5,Include,Exclude,,no,,,40.02,0.020099
31312481,haiku,claude-haiku-4-5,Include,Include,D3,yes,,,33.59,0.021654
31760581,haiku,claude-haiku-4-5,Include,Include,D3,yes,,,15.84,0.011142
41058647,haiku,claude-haiku-4-5,Include,Include,D1|D3|Cross-domain,yes,,,15.83,0.012826
34121958,haiku,claude-haiku-4-5,Include,Include,D3|D1,yes,,,16.84,0.01153
30940247,haiku,claude-haiku-4-5,Exclude,Exclude,,yes,,,53.08,0.028273
32203522,haiku,claude-haiku-4-5,Include,Include,D3,yes,,,16.21,0.010501
35954678,haiku,claude-haiku-4-5,Include,Exclude,,no,,,18.07,0.012925
34258146,haiku,claude-haiku-4-5,Include,Include,D3|Cross-domain,yes,,,13.93,0.010802
36975230,haiku,claude-haiku-4-5,Exclude,Maybe,D4,no,,,21.06,0.013605
29952052,haiku,claude-haiku-4-5,Maybe,Include,D3|Cross-domain,no,,,19.43,0.008715
34068271,haiku,claude-haiku-4-5,Include,Include,D3|Cross-domain,yes,,,16.03,0.010879
35397261,haiku,claude-haiku-4-5,Include,Include,D3,yes,,,25.99,0.01801
36202911,haiku,claude-haiku-4-5,Include,Include,D3,yes,,,49.49,0.03279
40887505,haiku,claude-haiku-4-5,Include,Include,D3,yes,,,18.76,0.012767
35434248,haiku,claude-haiku-4-5,Include,Include,D3|Cross-domain,yes,,,25.42,0.01727
40730840,haiku,claude-haiku-4-5,Include,Exclude,,no,,,24.4,0.013688
38868486,haiku,claude-haiku-4-5,Include,Include,D3|Cross-domain,yes,,,22.61,0.015218
28439243,haiku,claude-haiku-4-5,Include,Exclude,,no,,,28.68,0.01643
31007537,haiku,claude-haiku-4-5,Exclude,Exclude,,yes,,,10.52,0.008323
37809949,haiku,claude-haiku-4-5,Include,Include,D4,yes,,,20.82,0.014083
37756294,haiku,claude-haiku-4-5,Include,Exclude,,no,,,29.1,0.018796
40980049,haiku,claude-haiku-4-5,Maybe,Maybe,D3|Cross-domain,yes,,,31.75,0.018505
35711134,haiku,claude-haiku-4-5,Exclude,Exclude,,yes,,,13.47,0.010534
40935821,haiku,claude-haiku-4-5,Exclude,Exclude,,yes,,,12.38,0.009353
40596161,haiku,claude-haiku-4-5,Exclude,Exclude,,yes,,,9.07,0.007244
41670808,haiku,claude-haiku-4-5,Include,Include,D3,yes,,,41.23,0.029488
40727402,haiku,claude-haiku-4-5,Include,Include,D3|Cross-domain,yes,,,16.5,0.011695
41115014,haiku,claude-haiku-4-5,Include,Exclude,,no,,,25.96,0.016527
38526451,haiku,claude-haiku-4-5,Exclude,Exclude,,yes,,,11.48,0.009313
40438542,haiku,claude-haiku-4-5,Include,Exclude,,no,,,23.39,0.015374
33662153,haiku,claude-haiku-4-5,Exclude,Exclude,,yes,,,11.79,0.009233
39430791,haiku,claude-haiku-4-5,Include,Exclude,,no,,,26.83,0.01867
36748997,haiku,claude-haiku-4-5,Maybe,Exclude,,no,,,21.13,0.014554
29443045,haiku,claude-haiku-4-5,Exclude,Exclude,,yes,,,12.19,0.008918
34857367,haiku,claude-haiku-4-5,Maybe,Exclude,,no,,,58.31,0.037368
17716180,haiku,claude-haiku-4-5,Exclude,Exclude,,yes,,,9.65,0.007994
29435822,haiku,claude-haiku-4-5,Include,Exclude,,no,,,21.08,0.014116
37159337,haiku,claude-haiku-4-5,Include,Include,D3,yes,,,34.3,0.023156
32502525,haiku,claude-haiku-4-5,Exclude,Exclude,,yes,,,12.78,0.009298
31798507,haiku,claude-haiku-4-5,Exclude,Exclude,,yes,,,10.06,0.008692
38483865,haiku,claude-haiku-4-5,Exclude,Exclude,,yes,,,13.57,0.010198
26500478,haiku,claude-haiku-4-5,Maybe,Exclude,,no,,,16.44,0.012361
24327374,haiku,claude-haiku-4-5,Exclude,Exclude,,yes,,,14.21,0.01049
32989778,haiku,claude-haiku-4-5,Exclude,Exclude,,yes,,,8.6,0.007364
29434043,haiku,claude-haiku-4-5,Include,Exclude,,no,,,25.11,0.016505
33547599,haiku,claude-haiku-4-5,Maybe,Exclude,,no,,,34.5,0.023203
36134206,haiku,claude-haiku-4-5,Include,Include,D3,yes,,,13.94,0.010734
34992568,haiku,claude-haiku-4-5,Include,Exclude,,no,,,11.29,0.008949
34706058,haiku,claude-haiku-4-5,Exclude,Exclude,,yes,,,10.5,0.008066
36495471,haiku,claude-haiku-4-5,Include,Exclude,,no,,,29.72,0.019891
39851819,haiku,claude-haiku-4-5,Maybe,Exclude,,no,,,11.33,0.00874
35991334,haiku,claude-haiku-4-5,Include,Include,D3,yes,,,21.74,0.013162
30955212,haiku,claude-haiku-4-5,Maybe,Exclude,,no,,,29.7,0.017839
40219036,haiku,claude-haiku-4-5,Maybe,Exclude,,no,,,22.98,0.015273
36814178,haiku,claude-haiku-4-5,Maybe,Exclude,,no,,,15.95,0.010537
39659159,haiku,claude-haiku-4-5,Exclude,Exclude,,yes,,,21.17,0.014676
41037849,haiku,claude-haiku-4-5,Include,Maybe,D3,no,,,49.19,0.032078
36941849,haiku,claude-haiku-4-5,Maybe,Exclude,,no,,,38.4,0.025493
41822430,haiku,claude-haiku-4-5,Maybe,Exclude,,no,,,30.74,0.020822
36587418,haiku,claude-haiku-4-5,Maybe,Maybe,,yes,,,42.04,0.027505
32353204,haiku,claude-haiku-4-5,Include,Maybe,D3,no,,,57.7,0.04129
38197896,haiku,claude-haiku-4-5,Include,Maybe,D3,no,,,15.31,0.011126
37209127,haiku,claude-haiku-4-5,Include,Maybe,D1,no,,,57.97,0.038321
31971427,haiku,claude-haiku-4-5,Include,Include,D1,yes,,,16.87,0.01234
36864740,haiku,claude-haiku-4-5,Include,Exclude,,no,,,9.47,0.008039
28918416,haiku,claude-haiku-4-5,Maybe,Exclude,,no,,,22.18,0.010629
23157656,haiku,claude-haiku-4-5,Exclude,Exclude,,yes,,,13.87,0.009482
33028074,haiku,claude-haiku-4-5,Maybe,Exclude,,no,,,35.95,0.024781
26690622,haiku,claude-haiku-4-5,Maybe,Exclude,,no,,,16.66,0.010236
41454725,haiku,claude-haiku-4-5,Maybe,Exclude,,no,,,21.66,0.014497
41391469,haiku,claude-haiku-4-5,Include,Exclude,,no,,,15.98,0.011564
38743487,haiku,claude-haiku-4-5,Include,Maybe,D3,no,,,41.35,0.026426
34899207,haiku,claude-haiku-4-5,Maybe,Maybe,,yes,,,48.23,0.031695
24450756,haiku,claude-haiku-4-5,Exclude,Exclude,,yes,,,15.68,0.010783
35855504,haiku,claude-haiku-4-5,Maybe,Exclude,,no,,,19.04,0.013876
36606732,haiku,claude-haiku-4-5,Include,Maybe,D3,no,,,46.18,0.029371
34375360,haiku,claude-haiku-4-5,Maybe,Exclude,,no,,,16.84,0.013097
27199853,haiku,claude-haiku-4-5,Maybe,Exclude,,no,,,17.66,0.012456
33835041,haiku,claude-haiku-4-5,Maybe,Exclude,,no,,,18.31,0.013039
35782446,haiku,claude-haiku-4-5,Maybe,Exclude,,no,,,21.07,0.014994
40621506,haiku,claude-haiku-4-5,Maybe,Maybe,,yes,,,33.91,0.023022
39241535,haiku,claude-haiku-4-5,Include,Include,D3,yes,,,17.8,0.012796
34904959,haiku,claude-haiku-4-5,Maybe,Exclude,,no,,,17.23,0.011253
27378999,haiku,claude-haiku-4-5,Maybe,Exclude,,no,,,15.23,0.01161
39338077,haiku,claude-haiku-4-5,Exclude,Exclude,,yes,,,10.46,0.008148
40248688,haiku,claude-haiku-4-5,Maybe,Exclude,,no,,,15.12,0.011676
30746800,haiku,claude-haiku-4-5,Maybe,Maybe,D3|Cross-domain,yes,,,26.49,0.016765
40291985,haiku,claude-haiku-4-5,Maybe,Exclude,,no,,,19.89,0.014884
26165928,haiku,claude-haiku-4-5,Maybe,Exclude,,no,,,20.76,0.014911
22001612,haiku,claude-haiku-4-5,Exclude,Exclude,,yes,,,8.46,0.007678
40004656,haiku,claude-haiku-4-5,Maybe,Maybe,D3|Cross-domain,yes,,,31.11,0.023206
35722786,haiku,claude-haiku-4-5,Maybe,Exclude,,no,,,20.71,0.013209
18710846,haiku,claude-haiku-4-5,Maybe,Exclude,,no,,,9.23,0.007734
30427931,haiku,claude-haiku-4-5,Maybe,Exclude,,no,,,13.87,0.011087
31916881,haiku,claude-haiku-4-5,Maybe,,,missing,timeout,subprocess.TimeoutExpired,60,0.0
35754859,haiku,claude-haiku-4-5,Exclude,Exclude,,yes,,,12.9,0.010001
19848550,haiku,claude-haiku-4-5,Exclude,Exclude,,yes,,,10.09,0.007219
11747570,haiku,claude-haiku-4-5,Exclude,Exclude,,yes,,,12.3,0.008695
31387459,haiku,claude-haiku-4-5,Maybe,Exclude,,no,,,9.75,0.007543
38748683,haiku,claude-haiku-4-5,Exclude,Exclude,,yes,,,13.24,0.009456
36078369,haiku,claude-haiku-4-5,Exclude,Exclude,,yes,,,34.48,0.023092
15757447,haiku,claude-haiku-4-5,Exclude,Exclude,,yes,,,10.94,0.007357
20031485,haiku,claude-haiku-4-5,Exclude,Exclude,,yes,,,8.58,0.007208
34860130,haiku,claude-haiku-4-5,Maybe,Exclude,,no,,,36.53,0.023156
23637116,haiku,claude-haiku-4-5,Exclude,Exclude,,yes,,,8.2,0.007457
29553053,haiku,claude-haiku-4-5,Exclude,Exclude,,yes,,,9.54,0.006971
39997959,haiku,claude-haiku-4-5,Exclude,Exclude,,yes,,,11.7,0.008604
33289692,haiku,claude-haiku-4-5,Exclude,Exclude,,yes,,,20.54,0.012206
30881528,haiku,claude-haiku-4-5,Exclude,Exclude,,yes,,,11.43,0.008274
40987326,haiku,claude-haiku-4-5,Maybe,Exclude,,no,,,10.47,0.008743
24602325,haiku,claude-haiku-4-5,Exclude,Exclude,,yes,,,13.16,0.011694
30049225,haiku,claude-haiku-4-5,Exclude,Exclude,,yes,,,13.59,0.010061
31704434,haiku,claude-haiku-4-5,Maybe,Exclude,,no,,,26.71,0.011543
41860608,haiku,claude-haiku-4-5,Maybe,Exclude,,no,,,16.56,0.01151
27456652,haiku,claude-haiku-4-5,Exclude,Exclude,,yes,,,8.19,0.007284
22058616,haiku,claude-haiku-4-5,Exclude,Exclude,,yes,,,7.28,0.006348
27029804,haiku,claude-haiku-4-5,Exclude,Exclude,,yes,,,9.14,0.006812
19839446,haiku,claude-haiku-4-5,Maybe,Exclude,,no,,,9.56,0.007159
40422088,haiku,claude-haiku-4-5,Maybe,Exclude,,no,,,16.3,0.011413
33133767,haiku,claude-haiku-4-5,Exclude,Exclude,,yes,,,12.81,0.009663
31366420,haiku,claude-haiku-4-5,Maybe,Exclude,,no,,,18.01,0.012842
10876972,haiku,claude-haiku-4-5,Exclude,Exclude,,yes,,,19.92,0.006931
32316282,haiku,claude-haiku-4-5,Exclude,Exclude,,yes,,,11.57,0.008485
8481964,haiku,claude-haiku-4-5,Exclude,Exclude,,yes,,,8.7,0.007305
26441749,haiku,claude-haiku-4-5,Maybe,Exclude,,no,,,14.61,0.010295
35409830,haiku,claude-haiku-4-5,Exclude,Exclude,,yes,,,10.74,0.007758
23167030,haiku,claude-haiku-4-5,Exclude,Exclude,,yes,,,14.74,0.010782
32045732,haiku,claude-haiku-4-5,Maybe,Exclude,,no,,,34.34,0.022001
35129089,haiku,claude-haiku-4-5,Exclude,Exclude,,yes,,,13.04,0.009985
36107949,haiku,claude-haiku-4-5,Maybe,Exclude,,no,,,21.03,0.014141
35911206,haiku,claude-haiku-4-5,Exclude,Exclude,,yes,,,10.67,0.008392
38861246,haiku,claude-haiku-4-5,Exclude,Exclude,,yes,,,11.07,0.008688
26236023,haiku,claude-haiku-4-5,Maybe,Exclude,,no,,,13.2,0.010374
41567349,haiku,claude-haiku-4-5,Maybe,Exclude,,no,,,18.27,0.015591
33101151,haiku,claude-haiku-4-5,Exclude,Exclude,,yes,,,10.35,0.008273
40589520,haiku,claude-haiku-4-5,Exclude,Exclude,,yes,,,14.56,0.01105
30241787,haiku,claude-haiku-4-5,Exclude,Exclude,,yes,,,11.54,0.008103
27363690,haiku,claude-haiku-4-5,Include,,,missing,timeout,subprocess.TimeoutExpired,60,0.0
35217933,haiku,claude-haiku-4-5,Include,Exclude,,no,,,36.57,0.022364
29410568,haiku,claude-haiku-4-5,Exclude,Exclude,,yes,,,11.57,0.009983
35385397,haiku,claude-haiku-4-5,Include,Include,D1|D3|Cross-domain,yes,,,53.25,0.040001
38571884,haiku,claude-haiku-4-5,Include,Maybe,,no,,,46.23,0.030866
25477807,haiku,claude-haiku-4-5,Exclude,Exclude,,yes,,,14.05,0.010953
6453184,haiku,claude-haiku-4-5,Exclude,Exclude,,yes,,,11.28,0.008841
32500211,haiku,claude-haiku-4-5,Maybe,Exclude,,no,,,15.04,0.010798
34166631,haiku,claude-haiku-4-5,Exclude,Exclude,,yes,,,24.45,0.01032
33397672,haiku,claude-haiku-4-5,Exclude,Exclude,,yes,,,9.17,0.008198
36467649,haiku,claude-haiku-4-5,Exclude,Exclude,,yes,,,15.48,0.012841
23604411,haiku,claude-haiku-4-5,Maybe,Exclude,,no,,,21.8,0.011975
17296546,haiku,claude-haiku-4-5,Exclude,Exclude,,yes,,,13.35,0.008589
27100787,haiku,claude-haiku-4-5,Maybe,Exclude,,no,,,10.25,0.008487
40514305,haiku,claude-haiku-4-5,Exclude,Exclude,,yes,,,10.61,0.007588
15697115,haiku,claude-haiku-4-5,Exclude,Exclude,,yes,,,13.38,0.010527
41186668,haiku,claude-haiku-4-5,Include,Exclude,,no,,,37.07,0.024657
36003120,haiku,claude-haiku-4-5,Include,Maybe,D3,no,,,28.53,0.01976
11894681,haiku,claude-haiku-4-5,Exclude,Exclude,,yes,,,8.72,0.007487
10532656,haiku,claude-haiku-4-5,Exclude,Exclude,,yes,,,9.63,0.00819
27942256,haiku,claude-haiku-4-5,Maybe,Exclude,,no,,,10.45,0.007926
39307287,haiku,claude-haiku-4-5,Maybe,Exclude,,no,,,27.45,0.01862
27008504,haiku,claude-haiku-4-5,Exclude,Exclude,,yes,,,12.96,0.008866
30110801,haiku,claude-haiku-4-5,Include,Exclude,,no,,,16.4,0.011495
23254547,haiku,claude-haiku-4-5,Exclude,Exclude,,yes,,,11.09,0.008598
25410278,haiku,claude-haiku-4-5,Include,Exclude,,no,,,30.21,0.020649
25493849,haiku,claude-haiku-4-5,Exclude,Exclude,,yes,,,12.64,0.008615
41393314,haiku,claude-haiku-4-5,Exclude,Exclude,,yes,,,8.43,0.007522
39535584,haiku,claude-haiku-4-5,Maybe,Maybe,D3,yes,,,44.27,0.03124
27928436,haiku,claude-haiku-4-5,Exclude,Exclude,,yes,,,10.09,0.008526
35604522,haiku,claude-haiku-4-5,Include,Include,D1|D3,yes,,,14.57,0.012383
24716878,haiku,claude-haiku-4-5,Exclude,Exclude,,yes,,,12.88,0.010213
27870086,haiku,claude-haiku-4-5,Exclude,Exclude,,yes,,,19.08,0.0066
37915884,haiku,claude-haiku-4-5,Include,Include,D3,yes,,,15.98,0.0127
36704251,haiku,claude-haiku-4-5,Include,Exclude,,no,,,28.5,0.018237
31129456,sonnet,claude-sonnet-4-6,Include,Include,D3,yes,,,3.12,0.012831
39264722,sonnet,claude-sonnet-4-6,Include,Maybe,D3,no,,,3.26,0.013378
32379808,sonnet,claude-sonnet-4-6,Include,Exclude,,no,,,3.52,0.012951
40161348,sonnet,claude-sonnet-4-6,Include,Include,D3|Cross-domain,yes,,,3.59,0.013401
38890438,sonnet,claude-sonnet-4-6,Include,Include,D3,yes,,,3.66,0.012775
37594878,sonnet,claude-sonnet-4-6,Include,Include,D3|Cross-domain,yes,,,3.96,0.012913
32822251,sonnet,claude-sonnet-4-6,Include,Include,D3|Cross-domain,yes,,,3.28,0.013206
34413815,sonnet,claude-sonnet-4-6,Include,Maybe,D3,no,,,3.56,0.013397
31881408,sonnet,claude-sonnet-4-6,Include,Include,D3|Cross-domain,yes,,,3.34,0.012891
33560241,sonnet,claude-sonnet-4-6,Include,Include,D3|Cross-domain,yes,,,3.98,0.013195
35085370,sonnet,claude-sonnet-4-6,Include,Include,D3,yes,,,3.75,0.013236
31978759,sonnet,claude-sonnet-4-6,Include,Maybe,D3,no,,,3.39,0.013082
38148441,sonnet,claude-sonnet-4-6,Include,Maybe,D3,no,,,3.69,0.012583
41140132,sonnet,claude-sonnet-4-6,Include,Exclude,,no,,,3.23,0.012389
38603322,sonnet,claude-sonnet-4-6,Include,Exclude,,no,,,4.2,0.013116
35058842,sonnet,claude-sonnet-4-6,Include,Exclude,,no,,,3.93,0.012655
32106893,sonnet,claude-sonnet-4-6,Include,Exclude,,no,,,7.38,0.013157
36274342,sonnet,claude-sonnet-4-6,Include,Include,D3,yes,,,3.44,0.013333
35990074,sonnet,claude-sonnet-4-6,Include,Include,D3|Cross-domain,yes,,,4.08,0.013382
37151299,sonnet,claude-sonnet-4-6,Include,Include,D3,yes,,,3.84,0.012617
39302638,sonnet,claude-sonnet-4-6,Include,Include,D3|Cross-domain,yes,,,4.44,0.013795
36497782,sonnet,claude-sonnet-4-6,Include,Maybe,D3,no,,,4.44,0.013037
35733406,sonnet,claude-sonnet-4-6,Include,Maybe,D3,no,,,4.87,0.013187
32514653,sonnet,claude-sonnet-4-6,Include,Include,D3,yes,,,2.84,0.012392
41842938,sonnet,claude-sonnet-4-6,Include,Include,D1|D3|Cross-domain,yes,,,3.18,0.012625
33578105,sonnet,claude-sonnet-4-6,Include,Include,D3|Cross-domain,yes,,,3.99,0.013401
40307922,sonnet,claude-sonnet-4-6,Include,Include,D3,yes,,,3.6,0.013285
38126068,sonnet,claude-sonnet-4-6,Include,Include,D3|Cross-domain,yes,,,3.68,0.013037
31681510,sonnet,claude-sonnet-4-6,Include,Include,D3|Cross-domain,yes,,,4.09,0.012981
38557083,sonnet,claude-sonnet-4-6,Include,Include,D3,yes,,,2.47,0.013093
33604174,sonnet,claude-sonnet-4-6,Include,Include,D3|Cross-domain,yes,,,3.1,0.013307
32306232,sonnet,claude-sonnet-4-6,Include,Maybe,D3,no,,,3.15,0.013011
37729858,sonnet,claude-sonnet-4-6,Include,Include,D3,yes,,,3.33,0.013195
40945152,sonnet,claude-sonnet-4-6,Include,Exclude,,no,,,3.53,0.013048
33886033,sonnet,claude-sonnet-4-6,Exclude,Exclude,,yes,,,3.63,0.012362
40211461,sonnet,claude-sonnet-4-6,Include,Exclude,,no,,,10.26,0.012355
31030176,sonnet,claude-sonnet-4-6,Include,Include,D3|Cross-domain,yes,,,3.31,0.013004
35129238,sonnet,claude-sonnet-4-6,Include,Include,D3,yes,,,5.53,0.01348
38179078,sonnet,claude-sonnet-4-6,Include,Include,D3|Cross-domain,yes,,,4.76,0.013056
39607381,sonnet,claude-sonnet-4-6,Include,Include,D3,yes,,,4.45,0.013063
34882238,sonnet,claude-sonnet-4-6,Include,Include,D3|Cross-domain,yes,,,4.41,0.012786
36998766,sonnet,claude-sonnet-4-6,Include,Exclude,,no,,,3.42,0.013266
34945245,sonnet,claude-sonnet-4-6,Include,Include,D3|Cross-domain,yes,,,4.93,0.013221
33012944,sonnet,claude-sonnet-4-6,Include,Exclude,,no,,,3.11,0.012583
36623473,sonnet,claude-sonnet-4-6,Include,Exclude,,no,,,3.79,0.012992
35834117,sonnet,claude-sonnet-4-6,Include,Include,D3|Cross-domain,yes,,,3.8,0.012917
41179232,sonnet,claude-sonnet-4-6,Exclude,Exclude,,yes,,,3.86,0.012636
40839469,sonnet,claude-sonnet-4-6,Include,Include,D3|Cross-domain,yes,,,4.26,0.013412
30845155,sonnet,claude-sonnet-4-6,Include,Include,D3,yes,,,3.26,0.012857
34267563,sonnet,claude-sonnet-4-6,Exclude,Exclude,,yes,,,3.32,0.012527
40569695,sonnet,claude-sonnet-4-6,Include,Exclude,,no,,,3.44,0.012992
35381433,sonnet,claude-sonnet-4-6,Include,Include,D3|Cross-domain,yes,,,4.05,0.0133
40369012,sonnet,claude-sonnet-4-6,Include,Maybe,D3,no,,,5.01,0.0127
31312481,sonnet,claude-sonnet-4-6,Include,Include,D3|Cross-domain,yes,,,3.66,0.012992
30940247,sonnet,claude-sonnet-4-6,Exclude,Exclude,,yes,,,5.14,0.011972
35933619,sonnet,claude-sonnet-4-6,Include,Include,D3,yes,,,4.23,0.013266
41556971,sonnet,claude-sonnet-4-6,Include,Exclude,,no,,,3.68,0.012887
36202911,sonnet,claude-sonnet-4-6,Include,Maybe,D3,no,,,3.24,0.012996
31760581,sonnet,claude-sonnet-4-6,Include,Include,D3,yes,,,3.93,0.012955
34121958,sonnet,claude-sonnet-4-6,Include,Include,D3|Cross-domain,yes,,,5.32,0.012771
32203522,sonnet,claude-sonnet-4-6,Include,Include,D3|Cross-domain,yes,,,5.13,0.013138
35954678,sonnet,claude-sonnet-4-6,Include,Exclude,,no,,,5.11,0.012734
35397261,sonnet,claude-sonnet-4-6,Include,Include,D3|Cross-domain,yes,,,3.58,0.013075
36975230,sonnet,claude-sonnet-4-6,Exclude,Maybe,D4,no,,,5.21,0.013109
34258146,sonnet,claude-sonnet-4-6,Include,Include,D3|Cross-domain,yes,,,3.17,0.013071
29952052,sonnet,claude-sonnet-4-6,Maybe,Include,D3|Cross-domain,no,,,3.19,0.011957
34068271,sonnet,claude-sonnet-4-6,Include,Include,D3|Cross-domain,yes,,,4.09,0.012786
35434248,sonnet,claude-sonnet-4-6,Include,Include,D3|Cross-domain,yes,,,5.32,0.013371
40730840,sonnet,claude-sonnet-4-6,Include,Exclude,,no,,,4.86,0.012756
28439243,sonnet,claude-sonnet-4-6,Include,Exclude,,no,,,4.71,0.013015
40887505,sonnet,claude-sonnet-4-6,Include,Include,D3,yes,,,5.57,0.012599
41058647,sonnet,claude-sonnet-4-6,Include,Include,D3|Cross-domain,yes,,,14.86,0.013382
38868486,sonnet,claude-sonnet-4-6,Include,Maybe,D3|Cross-domain,no,,,4.37,0.012576
41670808,sonnet,claude-sonnet-4-6,Include,Include,D3,yes,,,3.71,0.013334
40980049,sonnet,claude-sonnet-4-6,Maybe,Exclude,,no,,,3.87,0.011751
37756294,sonnet,claude-sonnet-4-6,Include,Maybe,D3,no,,,4.45,0.01291
34857367,sonnet,claude-sonnet-4-6,Maybe,Exclude,,no,,,5.21,0.013037
37809949,sonnet,claude-sonnet-4-6,Include,Maybe,D4,no,,,4.98,0.012659
31007537,sonnet,claude-sonnet-4-6,Exclude,Exclude,,yes,,,4.89,0.012456
35711134,sonnet,claude-sonnet-4-6,Exclude,Exclude,,yes,,,4.75,0.013086
41115014,sonnet,claude-sonnet-4-6,Include,Exclude,,no,,,4.74,0.012629
40935821,sonnet,claude-sonnet-4-6,Exclude,Exclude,,yes,,,4.7,0.012805
40727402,sonnet,claude-sonnet-4-6,Include,Include,D3,yes,,,4.25,0.012928
40438542,sonnet,claude-sonnet-4-6,Include,Include,D3,yes,,,4.3,0.013277
37159337,sonnet,claude-sonnet-4-6,Include,Maybe,D3,no,,,6.13,0.013086
39430791,sonnet,claude-sonnet-4-6,Include,Maybe,D3,no,,,6.99,0.013124
40596161,sonnet,claude-sonnet-4-6,Exclude,Exclude,,yes,,,7.47,0.012644
38526451,sonnet,claude-sonnet-4-6,Exclude,Exclude,,yes,,,5.05,0.01252
36748997,sonnet,claude-sonnet-4-6,Maybe,Exclude,,no,,,6.01,0.012801
33662153,sonnet,claude-sonnet-4-6,Exclude,Exclude,,yes,,,5.26,0.012872
29435822,sonnet,claude-sonnet-4-6,Include,Exclude,,no,,,3.83,0.01315
33547599,sonnet,claude-sonnet-4-6,Maybe,Exclude,,no,,,4.0,0.012591
17716180,sonnet,claude-sonnet-4-6,Exclude,Exclude,,yes,,,4.19,0.012985
32502525,sonnet,claude-sonnet-4-6,Exclude,Exclude,,yes,,,4.12,0.012602
29434043,sonnet,claude-sonnet-4-6,Include,Maybe,D1,no,,,4.35,0.012073
26500478,sonnet,claude-sonnet-4-6,Maybe,Exclude,,no,,,3.7,0.012936
31798507,sonnet,claude-sonnet-4-6,Exclude,Exclude,,yes,,,3.82,0.013379
38483865,sonnet,claude-sonnet-4-6,Exclude,Exclude,,yes,,,4.1,0.012456
24327374,sonnet,claude-sonnet-4-6,Exclude,Exclude,,yes,,,4.18,0.01306
36495471,sonnet,claude-sonnet-4-6,Include,Exclude,,no,,,4.34,0.013045
36134206,sonnet,claude-sonnet-4-6,Include,Include,D3,yes,,,3.47,0.013311
32989778,sonnet,claude-sonnet-4-6,Exclude,Exclude,,yes,,,4.27,0.012925
30955212,sonnet,claude-sonnet-4-6,Maybe,Maybe,D3,yes,,,3.28,0.011826
34992568,sonnet,claude-sonnet-4-6,Include,Exclude,,no,,,3.64,0.012715
34706058,sonnet,claude-sonnet-4-6,Exclude,Exclude,,yes,,,3.69,0.013191
41037849,sonnet,claude-sonnet-4-6,Include,Maybe,D3,no,,,4.01,0.013082
35991334,sonnet,claude-sonnet-4-6,Include,Include,D3|Cross-domain,yes,,,3.42,0.012696
29443045,sonnet,claude-sonnet-4-6,Exclude,Exclude,,yes,,,16.0,0.012868
39851819,sonnet,claude-sonnet-4-6,Maybe,Exclude,,no,,,3.34,0.012722
40219036,sonnet,claude-sonnet-4-6,Maybe,Exclude,,no,,,3.55,0.013303
32353204,sonnet,claude-sonnet-4-6,Include,Include,D3|Cross-domain,yes,,,5.03,0.012771
37209127,sonnet,claude-sonnet-4-6,Include,Maybe,D1,no,,,3.94,0.013255
36941849,sonnet,claude-sonnet-4-6,Maybe,Exclude,,no,,,4.06,0.01294
36587418,sonnet,claude-sonnet-4-6,Maybe,Maybe,Cross-domain,yes,,,3.96,0.013206
41822430,sonnet,claude-sonnet-4-6,Maybe,Exclude,,no,,,3.34,0.013105
36814178,sonnet,claude-sonnet-4-6,Maybe,Exclude,,no,,,4.82,0.013
38197896,sonnet,claude-sonnet-4-6,Include,Maybe,D3,no,,,3.34,0.013112
33028074,sonnet,claude-sonnet-4-6,Maybe,Exclude,,no,,,5.17,0.01321
39659159,sonnet,claude-sonnet-4-6,Exclude,Exclude,,yes,,,6.46,0.01282
31971427,sonnet,claude-sonnet-4-6,Include,Maybe,D1,no,,,4.4,0.013086
38743487,sonnet,claude-sonnet-4-6,Include,Exclude,,no,,,4.0,0.013176
34899207,sonnet,claude-sonnet-4-6,Maybe,Maybe,D1|Cross-domain,yes,,,6.25,0.013296
28918416,sonnet,claude-sonnet-4-6,Maybe,Exclude,,no,,,4.17,0.013356
36606732,sonnet,claude-sonnet-4-6,Include,Maybe,D3,no,,,4.11,0.013607
26690622,sonnet,claude-sonnet-4-6,Maybe,Exclude,,no,,,3.07,0.0133
36864740,sonnet,claude-sonnet-4-6,Include,Exclude,,no,,,3.97,0.01294
41454725,sonnet,claude-sonnet-4-6,Maybe,Exclude,,no,,,4.34,0.013217
41391469,sonnet,claude-sonnet-4-6,Include,Exclude,,no,,,3.71,0.013514
40621506,sonnet,claude-sonnet-4-6,Maybe,Exclude,,no,,,3.99,0.013165
23157656,sonnet,claude-sonnet-4-6,Exclude,Exclude,,yes,,,5.67,0.012973
34375360,sonnet,claude-sonnet-4-6,Maybe,Exclude,,no,,,3.34,0.013217
35855504,sonnet,claude-sonnet-4-6,Maybe,Exclude,,no,,,6.65,0.012947
27199853,sonnet,claude-sonnet-4-6,Maybe,Exclude,,no,,,3.26,0.013367
24450756,sonnet,claude-sonnet-4-6,Exclude,Exclude,,yes,,,7.74,0.013109
35782446,sonnet,claude-sonnet-4-6,Maybe,Maybe,Cross-domain,yes,,,3.86,0.013468
31916881,sonnet,claude-sonnet-4-6,Maybe,Maybe,Cross-domain,yes,,,3.76,0.013015
33835041,sonnet,claude-sonnet-4-6,Maybe,Exclude,,no,,,3.3,0.013228
39241535,sonnet,claude-sonnet-4-6,Include,Include,D3,yes,,,4.27,0.013154
34904959,sonnet,claude-sonnet-4-6,Maybe,Exclude,,no,,,3.98,0.013187
30746800,sonnet,claude-sonnet-4-6,Maybe,Maybe,D3,yes,,,3.31,0.011834
40004656,sonnet,claude-sonnet-4-6,Maybe,Exclude,,no,,,3.84,0.012861
27378999,sonnet,claude-sonnet-4-6,Maybe,Exclude,,no,,,4.06,0.012385
40248688,sonnet,claude-sonnet-4-6,Maybe,Exclude,,no,,,3.43,0.013262
26165928,sonnet,claude-sonnet-4-6,Maybe,Exclude,,no,,,3.36,0.013075
40291985,sonnet,claude-sonnet-4-6,Maybe,Exclude,,no,,,3.66,0.012261
39338077,sonnet,claude-sonnet-4-6,Exclude,Exclude,,yes,,,4.29,0.012565
35722786,sonnet,claude-sonnet-4-6,Maybe,Exclude,,no,,,4.0,0.01171
36078369,sonnet,claude-sonnet-4-6,Exclude,Exclude,,yes,,,4.42,0.012989
34860130,sonnet,claude-sonnet-4-6,Maybe,Exclude,,no,,,3.6,0.013225
22001612,sonnet,claude-sonnet-4-6,Exclude,Exclude,,yes,,,3.24,0.012835
30427931,sonnet,claude-sonnet-4-6,Maybe,Exclude,,no,,,3.36,0.012981
18710846,sonnet,claude-sonnet-4-6,Maybe,Exclude,,no,,,3.31,0.012951
35754859,sonnet,claude-sonnet-4-6,Exclude,Exclude,,yes,,,3.86,0.0127
11747570,sonnet,claude-sonnet-4-6,Exclude,Exclude,,yes,,,3.76,0.012782
38748683,sonnet,claude-sonnet-4-6,Exclude,Exclude,,yes,,,3.74,0.012719
19848550,sonnet,claude-sonnet-4-6,Exclude,Exclude,,yes,,,3.69,0.012981
31387459,sonnet,claude-sonnet-4-6,Maybe,Exclude,,no,,,3.77,0.01282
31704434,sonnet,claude-sonnet-4-6,Maybe,Exclude,,no,,,2.91,0.011624
15757447,sonnet,claude-sonnet-4-6,Exclude,Exclude,,yes,,,4.21,0.013183
20031485,sonnet,claude-sonnet-4-6,Exclude,Exclude,,yes,,,3.21,0.013142
33289692,sonnet,claude-sonnet-4-6,Exclude,Exclude,,yes,,,3.53,0.013206
23637116,sonnet,claude-sonnet-4-6,Exclude,Exclude,,yes,,,3.45,0.012977
29553053,sonnet,claude-sonnet-4-6,Exclude,Exclude,,yes,,,3.28,0.013116
39997959,sonnet,claude-sonnet-4-6,Exclude,Exclude,,yes,,,3.54,0.013244
30881528,sonnet,claude-sonnet-4-6,Exclude,Exclude,,yes,,,3.57,0.012486
30049225,sonnet,claude-sonnet-4-6,Exclude,Exclude,,yes,,,3.32,0.012868
24602325,sonnet,claude-sonnet-4-6,Exclude,Exclude,,yes,,,3.72,0.01321
41860608,sonnet,claude-sonnet-4-6,Maybe,Exclude,,no,,,3.57,0.013412
40987326,sonnet,claude-sonnet-4-6,Maybe,Exclude,,no,,,3.77,0.012715
27456652,sonnet,claude-sonnet-4-6,Exclude,Exclude,,yes,,,2.9,0.011999
22058616,sonnet,claude-sonnet-4-6,Exclude,Exclude,,yes,,,3.35,0.01303
31366420,sonnet,claude-sonnet-4-6,Maybe,Exclude,,no,,,3.6,0.012212
10876972,sonnet,claude-sonnet-4-6,Exclude,Exclude,,yes,,,4.07,0.012823
40422088,sonnet,claude-sonnet-4-6,Maybe,Exclude,,no,,,3.44,0.012621
19839446,sonnet,claude-sonnet-4-6,Maybe,Exclude,,no,,,4.22,0.012797
32045732,sonnet,claude-sonnet-4-6,Maybe,Exclude,,no,,,4.77,0.012778
33133767,sonnet,claude-sonnet-4-6,Exclude,Exclude,,yes,,,4.2,0.012377
27363690,sonnet,claude-sonnet-4-6,Include,Maybe,D3,no,,,4.29,0.013064
26441749,sonnet,claude-sonnet-4-6,Maybe,Exclude,,no,,,3.22,0.013228
32316282,sonnet,claude-sonnet-4-6,Exclude,Exclude,,yes,,,5.16,0.012156
8481964,sonnet,claude-sonnet-4-6,Exclude,Exclude,,yes,,,3.34,0.012385
36107949,sonnet,claude-sonnet-4-6,Maybe,Exclude,,no,,,3.6,0.013154
35385397,sonnet,claude-sonnet-4-6,Include,Include,D3|Cross-domain,yes,,,3.75,0.013311
35409830,sonnet,claude-sonnet-4-6,Exclude,Exclude,,yes,,,3.14,0.012902
23167030,sonnet,claude-sonnet-4-6,Exclude,Exclude,,yes,,,3.36,0.012572
35129089,sonnet,claude-sonnet-4-6,Exclude,Exclude,,yes,,,3.9,0.01297
38571884,sonnet,claude-sonnet-4-6,Include,Maybe,D3,no,,,3.35,0.013048
35217933,sonnet,claude-sonnet-4-6,Include,Exclude,,no,,,3.4,0.012899
35911206,sonnet,claude-sonnet-4-6,Exclude,Exclude,,yes,,,2.81,0.012508
41567349,sonnet,claude-sonnet-4-6,Maybe,Exclude,,no,,,3.25,0.013307
27029804,sonnet,claude-sonnet-4-6,Exclude,Exclude,,yes,,,15.52,0.013345
38861246,sonnet,claude-sonnet-4-6,Exclude,Exclude,,yes,,,3.63,0.012666
26236023,sonnet,claude-sonnet-4-6,Maybe,Exclude,,no,,,3.65,0.012887
40589520,sonnet,claude-sonnet-4-6,Exclude,Exclude,,yes,,,4.09,0.012374
33101151,sonnet,claude-sonnet-4-6,Exclude,Exclude,,yes,,,4.06,0.013195
30241787,sonnet,claude-sonnet-4-6,Exclude,Exclude,,yes,,,4.67,0.01318
25477807,sonnet,claude-sonnet-4-6,Exclude,Exclude,,yes,,,3.69,0.013244
29410568,sonnet,claude-sonnet-4-6,Exclude,Exclude,,yes,,,5.51,0.012786
34166631,sonnet,claude-sonnet-4-6,Exclude,Exclude,,yes,,,3.85,0.012422
41186668,sonnet,claude-sonnet-4-6,Include,Maybe,D3,no,,,3.61,0.012685
23604411,sonnet,claude-sonnet-4-6,Maybe,Exclude,,no,,,3.84,0.011961
6453184,sonnet,claude-sonnet-4-6,Exclude,Exclude,,yes,,,2.73,0.012925
32500211,sonnet,claude-sonnet-4-6,Maybe,Exclude,,no,,,2.99,0.013405
36467649,sonnet,claude-sonnet-4-6,Exclude,Exclude,,yes,,,3.44,0.013011
36003120,sonnet,claude-sonnet-4-6,Include,Exclude,,no,,,3.42,0.013454
17296546,sonnet,claude-sonnet-4-6,Exclude,Exclude,,yes,,,3.79,0.012025
39535584,sonnet,claude-sonnet-4-6,Maybe,Maybe,D3,yes,,,4.22,0.013124
15697115,sonnet,claude-sonnet-4-6,Exclude,Exclude,,yes,,,3.26,0.012962
27100787,sonnet,claude-sonnet-4-6,Maybe,Exclude,,no,,,2.75,0.013296
39307287,sonnet,claude-sonnet-4-6,Maybe,Exclude,,no,,,2.94,0.012902
40514305,sonnet,claude-sonnet-4-6,Exclude,Exclude,,yes,,,2.9,0.013667
25410278,sonnet,claude-sonnet-4-6,Include,Exclude,,no,,,3.06,0.012827
10532656,sonnet,claude-sonnet-4-6,Exclude,Exclude,,yes,,,3.37,0.012947
11894681,sonnet,claude-sonnet-4-6,Exclude,Exclude,,yes,,,3.09,0.012677
33397672,sonnet,claude-sonnet-4-6,Exclude,Exclude,,yes,,,8.76,0.01291
27942256,sonnet,claude-sonnet-4-6,Maybe,Exclude,,no,,,3.45,0.012685
30110801,sonnet,claude-sonnet-4-6,Include,Exclude,,no,,,5.24,0.012239
27008504,sonnet,claude-sonnet-4-6,Exclude,Exclude,,yes,,,3.32,0.013386
25493849,sonnet,claude-sonnet-4-6,Exclude,Exclude,,yes,,,3.67,0.012992
23254547,sonnet,claude-sonnet-4-6,Exclude,Exclude,,yes,,,3.43,0.013682
36704251,sonnet,claude-sonnet-4-6,Include,Exclude,,no,,,3.59,0.012621
41393314,sonnet,claude-sonnet-4-6,Exclude,Exclude,,yes,,,3.08,0.012809
35604522,sonnet,claude-sonnet-4-6,Include,Include,D3,yes,,,2.54,0.012966
27928436,sonnet,claude-sonnet-4-6,Exclude,Exclude,,yes,,,3.7,0.013281
37915884,sonnet,claude-sonnet-4-6,Include,Include,D3,yes,,,3.7,0.012891
24716878,sonnet,claude-sonnet-4-6,Exclude,Exclude,,yes,,,4.31,0.013052
27870086,sonnet,claude-sonnet-4-6,Exclude,Exclude,,yes,,,11.9,0.01243
38890438,opus,claude-opus-4-7,Include,Include,D3,yes,,,6.79,0.092681
32379808,opus,claude-opus-4-7,Include,Maybe,D3,no,,,6.81,0.094238
40161348,opus,claude-opus-4-7,Include,Include,D3,yes,,,6.85,0.095062
31129456,opus,claude-opus-4-7,Include,Include,D3|Cross-domain,yes,,,6.91,0.0927
39264722,opus,claude-opus-4-7,Include,Maybe,D3,no,,,7.19,0.097369
37594878,opus,claude-opus-4-7,Include,Include,D3|Cross-domain,yes,,,7.3,0.094181
34413815,opus,claude-opus-4-7,Include,Include,D3,yes,,,6.39,0.096056
32822251,opus,claude-opus-4-7,Include,Include,D3|Cross-domain,yes,,,6.36,0.095587
33560241,opus,claude-opus-4-7,Include,Include,D3|Cross-domain,yes,,,6.76,0.096094
35085370,opus,claude-opus-4-7,Include,Include,D3|Cross-domain,yes,,,6.36,0.095812
31881408,opus,claude-opus-4-7,Include,Include,D3,yes,,,6.77,0.092025
32106893,opus,claude-opus-4-7,Include,Exclude,,no,,,7.09,0.095681
38603322,opus,claude-opus-4-7,Include,Exclude,,no,,,6.38,0.095419
31978759,opus,claude-opus-4-7,Include,Include,D3,yes,,,6.47,0.093506
41140132,opus,claude-opus-4-7,Include,Exclude,,no,,,6.32,0.090713
38148441,opus,claude-opus-4-7,Include,Include,D3,yes,,,6.46,0.0912
35058842,opus,claude-opus-4-7,Include,Maybe,D3|D4,no,,,6.6,0.091912
36274342,opus,claude-opus-4-7,Include,Include,D3,yes,,,6.35,0.095438
39302638,opus,claude-opus-4-7,Include,Include,D3|Cross-domain,yes,,,6.66,0.097125
35990074,opus,claude-opus-4-7,Include,Include,D3|Cross-domain,yes,,,6.8,0.096787
37151299,opus,claude-opus-4-7,Include,Include,D3,yes,,,6.68,0.090581
36497782,opus,claude-opus-4-7,Include,Include,D3|Cross-domain,yes,,,7.2,0.093769
35733406,opus,claude-opus-4-7,Include,Maybe,D3|D5,no,,,7.41,0.095625
32514653,opus,claude-opus-4-7,Include,Include,D3,yes,,,6.84,0.090112
41842938,opus,claude-opus-4-7,Include,Include,D1|D3|Cross-domain,yes,,,6.6,0.091912
33578105,opus,claude-opus-4-7,Include,Include,D3|Cross-domain,yes,,,6.4,0.096619
40211461,opus,claude-opus-4-7,Include,Exclude,,no,,,6.7,0.09
40307922,opus,claude-opus-4-7,Include,Include,D3,yes,,,6.34,0.095081
38126068,opus,claude-opus-4-7,Include,Include,D3|Cross-domain,yes,,,6.1,0.0942
31681510,opus,claude-opus-4-7,Include,Include,D3,yes,,,6.37,0.093637
33604174,opus,claude-opus-4-7,Include,Include,D3|Cross-domain,yes,,,6.14,0.096431
32306232,opus,claude-opus-4-7,Include,Maybe,D3,no,,,6.61,0.096
37729858,opus,claude-opus-4-7,Include,Include,D3|Cross-domain,yes,,,6.77,0.096544
40945152,opus,claude-opus-4-7,Include,Maybe,D3,no,,,6.97,0.095775
38557083,opus,claude-opus-4-7,Include,Include,D3,yes,,,10.03,0.093956
33886033,opus,claude-opus-4-7,Exclude,Maybe,D5,no,,,10.71,0.090056
31030176,opus,claude-opus-4-7,Include,Include,D3|Cross-domain,yes,,,5.96,0.094012
39607381,opus,claude-opus-4-7,Include,Include,D3,yes,,,5.9,0.094013
38179078,opus,claude-opus-4-7,Include,Include,D3|Cross-domain,yes,,,6.4,0.094069
35129238,opus,claude-opus-4-7,Include,Include,D3,yes,,,8.85,0.097088
34882238,opus,claude-opus-4-7,Include,Include,D3|Cross-domain,yes,,,6.88,0.093544
36998766,opus,claude-opus-4-7,Include,Exclude,,no,,,6.39,0.0957
34945245,opus,claude-opus-4-7,Include,Include,D3|Cross-domain,yes,,,6.44,0.094219
33012944,opus,claude-opus-4-7,Include,Maybe,D4,no,,,6.18,0.091556
40839469,opus,claude-opus-4-7,Include,Include,D3|Cross-domain,yes,,,6.43,0.097069
36623473,opus,claude-opus-4-7,Include,Maybe,D3,no,,,6.03,0.093937
35834117,opus,claude-opus-4-7,Include,Include,D3|Cross-domain,yes,,,6.32,0.093206
41179232,opus,claude-opus-4-7,Exclude,Exclude,,yes,,,6.59,0.093994
30845155,opus,claude-opus-4-7,Include,Include,D3|Cross-domain,yes,,,6.37,0.093769
34267563,opus,claude-opus-4-7,Exclude,Exclude,,yes,,,7.02,0.091444
40369012,opus,claude-opus-4-7,Include,Include,D3|Cross-domain,yes,,,6.8,0.092006
40569695,opus,claude-opus-4-7,Include,Exclude,,no,,,6.26,0.094781
30940247,opus,claude-opus-4-7,Exclude,Exclude,,yes,,,6.25,0.087356
35381433,opus,claude-opus-4-7,Include,Include,D3|Cross-domain,yes,,,6.12,0.094256
31312481,opus,claude-opus-4-7,Include,Include,D3|Cross-domain,yes,,,6.4,0.093281
41556971,opus,claude-opus-4-7,Include,Exclude,,no,,,6.31,0.092306
35933619,opus,claude-opus-4-7,Include,Include,D3,yes,,,6.71,0.095888
36202911,opus,claude-opus-4-7,Include,Include,D1|D3,yes,,,6.33,0.093563
31760581,opus,claude-opus-4-7,Include,Include,D3,yes,,,6.32,0.093262
41058647,opus,claude-opus-4-7,Include,Include,D3,yes,,,5.92,0.097125
34121958,opus,claude-opus-4-7,Include,Include,D3,yes,,,6.27,0.091706
35954678,opus,claude-opus-4-7,Include,Exclude,,no,,,6.11,0.0915
32203522,opus,claude-opus-4-7,Include,Include,D3|Cross-domain,yes,,,6.33,0.093731
36975230,opus,claude-opus-4-7,Exclude,Include,D4,no,,,6.09,0.095513
35397261,opus,claude-opus-4-7,Include,Include,D3|Cross-domain,yes,,,6.39,0.095737
34258146,opus,claude-opus-4-7,Include,Include,D3|Cross-domain,yes,,,6.45,0.094613
29952052,opus,claude-opus-4-7,Maybe,Maybe,D3|Cross-domain,yes,,,6.45,0.086663
34068271,opus,claude-opus-4-7,Include,Include,D3|Cross-domain,yes,,,6.22,0.092569
35434248,opus,claude-opus-4-7,Include,Include,D3|Cross-domain,yes,,,6.57,0.096487
40730840,opus,claude-opus-4-7,Include,Exclude,,no,,,6.49,0.094744
40887505,opus,claude-opus-4-7,Include,Include,D3,yes,,,6.1,0.091425
28439243,opus,claude-opus-4-7,Include,Maybe,Cross-domain,no,,,6.39,0.095981
38868486,opus,claude-opus-4-7,Include,Include,D3|Cross-domain,yes,,,6.31,0.0918
40980049,opus,claude-opus-4-7,Maybe,Exclude,,no,,,6.24,0.084675
41670808,opus,claude-opus-4-7,Include,Include,D3|Cross-domain,yes,,,6.49,0.096619
37756294,opus,claude-opus-4-7,Include,Maybe,D3,no,,,6.36,0.093769
34857367,opus,claude-opus-4-7,Maybe,Exclude,,no,,,6.82,0.094631
37809949,opus,claude-opus-4-7,Include,Maybe,D4,no,,,6.96,0.092775
31007537,opus,claude-opus-4-7,Exclude,Exclude,,yes,,,6.04,0.090019
35711134,opus,claude-opus-4-7,Exclude,Exclude,,yes,,,6.33,0.093281
40935821,opus,claude-opus-4-7,Exclude,Exclude,,yes,,,6.2,0.092944
41115014,opus,claude-opus-4-7,Include,Exclude,,no,,,7.05,0.092231
40438542,opus,claude-opus-4-7,Include,Maybe,D3,no,,,6.39,0.096
40596161,opus,claude-opus-4-7,Exclude,Exclude,,yes,,,6.13,0.092288
39430791,opus,claude-opus-4-7,Include,Include,D3|Cross-domain,yes,,,6.53,0.095831
37159337,opus,claude-opus-4-7,Include,Include,D3|Cross-domain,yes,,,6.79,0.095081
36748997,opus,claude-opus-4-7,Maybe,Exclude,,no,,,6.21,0.092794
40727402,opus,claude-opus-4-7,Include,Include,D3|Cross-domain,yes,,,13.38,0.094406
33662153,opus,claude-opus-4-7,Exclude,Exclude,,yes,,,6.14,0.092512
38526451,opus,claude-opus-4-7,Exclude,Exclude,,yes,,,6.51,0.090656
29435822,opus,claude-opus-4-7,Include,Maybe,D3,no,,,6.75,0.095644
29443045,opus,claude-opus-4-7,Exclude,Exclude,,yes,,,7.09,0.091987
33547599,opus,claude-opus-4-7,Maybe,Maybe,Cross-domain,yes,,,7.13,0.092662
17716180,opus,claude-opus-4-7,Exclude,Exclude,,yes,,,5.8,0.093844
29434043,opus,claude-opus-4-7,Include,Maybe,D1,no,,,6.27,0.087919
32502525,opus,claude-opus-4-7,Exclude,Exclude,,yes,,,6.22,0.090881
26500478,opus,claude-opus-4-7,Maybe,Exclude,,no,,,6.18,0.093525
38483865,opus,claude-opus-4-7,Exclude,Exclude,,yes,,,6.27,0.089419
31798507,opus,claude-opus-4-7,Exclude,Exclude,,yes,,,6.78,0.094875
36495471,opus,claude-opus-4-7,Include,Exclude,,no,,,6.59,0.095513
36134206,opus,claude-opus-4-7,Include,Include,D3,yes,,,6.24,0.095756
24327374,opus,claude-opus-4-7,Exclude,Exclude,,yes,,,6.56,0.093956
32989778,opus,claude-opus-4-7,Exclude,Exclude,,yes,,,6.51,0.094012
34992568,opus,claude-opus-4-7,Include,Exclude,,no,,,6.41,0.092588
30955212,opus,claude-opus-4-7,Maybe,Exclude,,no,,,6.92,0.084975
34706058,opus,claude-opus-4-7,Exclude,Exclude,,yes,,,6.21,0.095644
41037849,opus,claude-opus-4-7,Include,Maybe,D3,no,,,6.73,0.094538
32353204,opus,claude-opus-4-7,Include,Maybe,D3|Cross-domain,no,,,6.67,0.092156
35991334,opus,claude-opus-4-7,Include,Include,D3|Cross-domain,yes,,,6.11,0.092175
40219036,opus,claude-opus-4-7,Maybe,Exclude,,no,,,5.98,0.0969
39851819,opus,claude-opus-4-7,Maybe,Exclude,,no,,,6.37,0.092213
37209127,opus,claude-opus-4-7,Include,Include,D1|Cross-domain,yes,,,7.28,0.096187
36941849,opus,claude-opus-4-7,Maybe,Exclude,,no,,,6.36,0.094238
36587418,opus,claude-opus-4-7,Maybe,Maybe,Cross-domain,yes,,,6.55,0.097237
41822430,opus,claude-opus-4-7,Maybe,Exclude,,no,,,6.31,0.095775
36814178,opus,claude-opus-4-7,Maybe,Exclude,,no,,,6.49,0.09375
39659159,opus,claude-opus-4-7,Exclude,Maybe,Cross-domain,no,,,7.21,0.095287
33028074,opus,claude-opus-4-7,Maybe,Exclude,,no,,,6.33,0.096656
34899207,opus,claude-opus-4-7,Maybe,Maybe,D1|Cross-domain,yes,,,6.36,0.0975
38197896,opus,claude-opus-4-7,Include,Maybe,D3,no,,,6.86,0.094444
31971427,opus,claude-opus-4-7,Include,Include,D1,yes,,,6.63,0.094106
38743487,opus,claude-opus-4-7,Include,Maybe,D3,no,,,6.66,0.096094
28918416,opus,claude-opus-4-7,Maybe,Exclude,,no,,,6.49,0.096769
36606732,opus,claude-opus-4-7,Include,Maybe,D3,no,,,7.32,0.098212
36864740,opus,claude-opus-4-7,Include,Exclude,,no,,,6.61,0.093169
26690622,opus,claude-opus-4-7,Maybe,Exclude,,no,,,7.26,0.097406
23157656,opus,claude-opus-4-7,Exclude,Exclude,,yes,,,6.84,0.094481
41454725,opus,claude-opus-4-7,Maybe,Exclude,,no,,,6.32,0.095756
41391469,opus,claude-opus-4-7,Include,Maybe,D3,no,,,7.04,0.097444
24450756,opus,claude-opus-4-7,Exclude,Exclude,,yes,,,6.38,0.095362
35855504,opus,claude-opus-4-7,Maybe,Exclude,,no,,,7.06,0.094706
34375360,opus,claude-opus-4-7,Maybe,Exclude,,no,,,6.61,0.096431
40621506,opus,claude-opus-4-7,Maybe,Exclude,,no,,,8.55,0.09645
27199853,opus,claude-opus-4-7,Maybe,Exclude,,no,,,6.76,0.096206
35782446,opus,claude-opus-4-7,Maybe,Maybe,Cross-domain,yes,,,6.79,0.09795
31916881,opus,claude-opus-4-7,Maybe,Exclude,,no,,,6.48,0.094706
33835041,opus,claude-opus-4-7,Maybe,Exclude,,no,,,6.71,0.096019
39241535,opus,claude-opus-4-7,Include,Include,D3,yes,,,6.11,0.094819
30746800,opus,claude-opus-4-7,Maybe,Maybe,D3,yes,,,6.3,0.085163
34904959,opus,claude-opus-4-7,Maybe,Exclude,,no,,,7.66,0.09525
27378999,opus,claude-opus-4-7,Maybe,Exclude,,no,,,6.59,0.09135
40004656,opus,claude-opus-4-7,Maybe,Exclude,,no,,,6.9,0.092906
40248688,opus,claude-opus-4-7,Maybe,Exclude,,no,,,6.39,0.097237
40291985,opus,claude-opus-4-7,Maybe,Exclude,,no,,,7.06,0.089025
26165928,opus,claude-opus-4-7,Maybe,Exclude,,no,,,6.43,0.095719
39338077,opus,claude-opus-4-7,Exclude,Exclude,,yes,,,6.13,0.090356
35722786,opus,claude-opus-4-7,Maybe,Exclude,,no,,,6.16,0.084206
34860130,opus,claude-opus-4-7,Maybe,Exclude,,no,,,6.53,0.094969
36078369,opus,claude-opus-4-7,Exclude,Maybe,D3,no,,,6.7,0.094931
22001612,opus,claude-opus-4-7,Exclude,Exclude,,yes,,,6.18,0.093656
18710846,opus,claude-opus-4-7,Maybe,Exclude,,no,,,5.99,0.0945
30427931,opus,claude-opus-4-7,Maybe,Exclude,,no,,,6.94,0.095475
35754859,opus,claude-opus-4-7,Exclude,Exclude,,yes,,,6.28,0.09135
11747570,opus,claude-opus-4-7,Exclude,Exclude,,yes,,,6.41,0.09315
38748683,opus,claude-opus-4-7,Exclude,Exclude,,yes,,,6.46,0.092775
19848550,opus,claude-opus-4-7,Exclude,Exclude,,yes,,,6.11,0.093825
31387459,opus,claude-opus-4-7,Maybe,Exclude,,no,,,6.15,0.09165
15757447,opus,claude-opus-4-7,Exclude,Exclude,,yes,,,6.27,0.095194
31704434,opus,claude-opus-4-7,Maybe,Maybe,D3,yes,,,6.56,0.084656
33289692,opus,claude-opus-4-7,Exclude,Exclude,,yes,,,6.01,0.094256
20031485,opus,claude-opus-4-7,Exclude,Exclude,,yes,,,6.37,0.094013
23637116,opus,claude-opus-4-7,Exclude,Exclude,,yes,,,6.08,0.093169
29553053,opus,claude-opus-4-7,Exclude,Exclude,,yes,,,6.2,0.0948
39997959,opus,claude-opus-4-7,Exclude,Exclude,,yes,,,6.41,0.094406
30881528,opus,claude-opus-4-7,Exclude,Exclude,,yes,,,6.9,0.090431
30049225,opus,claude-opus-4-7,Exclude,Exclude,,yes,,,6.33,0.093394
24602325,opus,claude-opus-4-7,Exclude,Exclude,,yes,,,6.09,0.095269
41860608,opus,claude-opus-4-7,Maybe,Exclude,,no,,,7.39,0.097744
40987326,opus,claude-opus-4-7,Maybe,Exclude,,no,,,6.77,0.093225
27456652,opus,claude-opus-4-7,Exclude,Exclude,,yes,,,5.95,0.086175
22058616,opus,claude-opus-4-7,Exclude,Exclude,,yes,,,6.69,0.094462
10876972,opus,claude-opus-4-7,Exclude,Exclude,,yes,,,6.24,0.091106
31366420,opus,claude-opus-4-7,Maybe,Exclude,,no,,,6.37,0.088219
40422088,opus,claude-opus-4-7,Maybe,Exclude,,no,,,6.19,0.092831
27029804,opus,claude-opus-4-7,Exclude,Exclude,,yes,,,6.04,0.095869
19839446,opus,claude-opus-4-7,Maybe,Exclude,,no,,,5.97,0.09195
33133767,opus,claude-opus-4-7,Exclude,Exclude,,yes,,,6.07,0.089306
32045732,opus,claude-opus-4-7,Maybe,Maybe,D1|Cross-domain,yes,,,6.75,0.0942
27363690,opus,claude-opus-4-7,Include,Maybe,D3,no,,,6.62,0.095381
32316282,opus,claude-opus-4-7,Exclude,Exclude,,yes,,,6.52,0.087544
26441749,opus,claude-opus-4-7,Maybe,Exclude,,no,,,6.28,0.095363
8481964,opus,claude-opus-4-7,Exclude,Exclude,,yes,,,6.48,0.088763
35385397,opus,claude-opus-4-7,Include,Include,D3|Cross-domain,yes,,,6.01,0.096187
36107949,opus,claude-opus-4-7,Maybe,Exclude,,no,,,6.42,0.094069
35409830,opus,claude-opus-4-7,Exclude,Exclude,,yes,,,6.27,0.092775
35129089,opus,claude-opus-4-7,Exclude,Exclude,,yes,,,6.93,0.093506
38571884,opus,claude-opus-4-7,Include,Maybe,D3,no,,,6.54,0.095662
35911206,opus,claude-opus-4-7,Exclude,Exclude,,yes,,,6.08,0.089737
35217933,opus,claude-opus-4-7,Include,Maybe,D3,no,,,6.75,0.093863
41567349,opus,claude-opus-4-7,Maybe,Exclude,,no,,,6.91,0.097744
38861246,opus,claude-opus-4-7,Exclude,Exclude,,yes,,,5.7,0.091106
26236023,opus,claude-opus-4-7,Maybe,Exclude,,no,,,7.06,0.09315
33101151,opus,claude-opus-4-7,Exclude,Exclude,,yes,,,6.49,0.095306
23167030,opus,claude-opus-4-7,Exclude,Exclude,,yes,,,16.6,0.090169
40589520,opus,claude-opus-4-7,Exclude,Exclude,,yes,,,6.98,0.089475
30241787,opus,claude-opus-4-7,Exclude,Exclude,,yes,,,6.69,0.0963
29410568,opus,claude-opus-4-7,Exclude,Exclude,,yes,,,5.98,0.092663
25477807,opus,claude-opus-4-7,Exclude,Exclude,,yes,,,6.89,0.095437
34166631,opus,claude-opus-4-7,Exclude,Exclude,,yes,,,6.45,0.090806
41186668,opus,claude-opus-4-7,Include,Maybe,D3,no,,,6.55,0.091838
23604411,opus,claude-opus-4-7,Maybe,Exclude,,no,,,6.58,0.087244
6453184,opus,claude-opus-4-7,Exclude,Exclude,,yes,,,6.98,0.094088
32500211,opus,claude-opus-4-7,Maybe,Exclude,,no,,,7.28,0.095344
36467649,opus,claude-opus-4-7,Exclude,Exclude,,yes,,,6.73,0.094687
36003120,opus,claude-opus-4-7,Include,Maybe,D3,no,,,6.33,0.097594
33397672,opus,claude-opus-4-7,Exclude,Exclude,,yes,,,6.34,0.094125
17296546,opus,claude-opus-4-7,Exclude,Exclude,,yes,,,6.59,0.085931
39535584,opus,claude-opus-4-7,Maybe,Include,D3|Cross-domain,no,,,7.38,0.096581
39307287,opus,claude-opus-4-7,Maybe,Exclude,,no,,,6.89,0.095625
15697115,opus,claude-opus-4-7,Exclude,Exclude,,yes,,,8.98,0.092456
27100787,opus,claude-opus-4-7,Maybe,Exclude,,no,,,6.39,0.095906
40514305,opus,claude-opus-4-7,Exclude,Exclude,,yes,,,6.25,0.097294
25410278,opus,claude-opus-4-7,Include,Maybe,D3,no,,,6.49,0.092756
10532656,opus,claude-opus-4-7,Exclude,Exclude,,yes,,,6.7,0.094031
11894681,opus,claude-opus-4-7,Exclude,Exclude,,yes,,,6.41,0.091819
30110801,opus,claude-opus-4-7,Include,Exclude,,no,,,6.62,0.089156
27942256,opus,claude-opus-4-7,Maybe,Exclude,,no,,,6.58,0.090862
27008504,opus,claude-opus-4-7,Exclude,Exclude,,yes,,,6.4,0.096056
25493849,opus,claude-opus-4-7,Exclude,Exclude,,yes,,,6.08,0.0939
23254547,opus,claude-opus-4-7,Exclude,Exclude,,yes,,,6.45,0.096731
27870086,opus,claude-opus-4-7,Exclude,Exclude,,yes,,,6.0,0.090544
41393314,opus,claude-opus-4-7,Exclude,Exclude,,yes,,,6.62,0.092344
35604522,opus,claude-opus-4-7,Include,Include,D3,yes,,,6.42,0.093431
36704251,opus,claude-opus-4-7,Include,Maybe,D3,no,,,7.36,0.092081
24716878,opus,claude-opus-4-7,Exclude,Exclude,,yes,,,6.82,0.09405
27928436,opus,claude-opus-4-7,Exclude,Exclude,,yes,,,6.01,0.095062
37915884,opus,claude-opus-4-7,Include,Include,D3,yes,,,6.01,0.093694
