PMID,Title,Year,Journal,Domain(s),Relevance_Score,Screening_Decision,Reason
38890438,The associations between autistic characteristics and microtransaction spending.,2024,Scientific reports,D3,8,Include,Loot box/gacha research with game connection
37594878,"The potential relationship between loot box spending, problem gambling, and obsessive-compulsive gamers.",2023,Journal of behavioral addictions,D3; Cross-domain,9,Include,Loot box/gacha research with game connection
39264722,Internet gaming disorder and risky behaviours among Czech adolescents: A nationally representative study.,2024,Journal of behavioral addictions,D3,8,Include,Loot box/gacha research with game connection
32379808,"The changing face of desktop video game monetisation: An exploration of exposure to loot boxes, pay to win, and cosmetic microtransactions in the most-played Steam games of 2010-2019.",2020,PloS one,D3,8,Include,Loot box/gacha research with game connection
40161348,Psychometric evaluation of the Chinese version of Risky Loot Box Index (RLI) and cross-sectional investigation among gamers of China.,2025,PeerJ,D3; D4,8,Include,Loot box/gacha research with game connection
31129456,The relationship of loot box purchases to problem video gaming and problem gambling.,2019,Addictive behaviors,D3; D4,8,Include,Loot box/gacha research with game connection
33560241,Adolescent Problem Gaming and Loot Box Purchasing in Video Games: Cross-sectional Observational Study Using Population-Based Cohort Data.,2021,JMIR serious games,D3; D4,8,Include,Loot box/gacha research with game connection
34413815,Psychosocial Adjustment and Mental Distress Associated With In-Game Purchases Among Japanese Junior High School Students.,2021,Frontiers in psychology,D3,8,Include,Loot box/gacha research with game connection
32822251,"Risk Factors of Problem Gaming and Gambling in US Emerging Adult Non-Students: The Role of Loot Boxes, Microtransactions, and Risk-Taking.",2020,Issues in mental health nursing,D3,8,Include,Loot box/gacha research with game connection
31881408,Loot box engagement and problem gambling among adolescent gamers: Findings from a national survey.,2020,Addictive behaviors,D3,8,Include,Loot box/gacha research with game connection
35085370,Loot box engagement: A scoping review of primary studies on prevalence and association with problematic gaming and gambling.,2022,PloS one,D3,8,Include,Loot box/gacha research with game connection
32106893,A descriptive survey of online gaming characteristics and gaming disorder in Ireland.,2023,Irish journal of psychological medicine,D3,7,Include,Microtransaction/in-game spending research
31978759,Fortnite microtransaction spending was associated with peers' purchasing behaviors but not gaming disorder symptoms.,2020,Addictive behaviors,D3,9,Include,Loot box/gacha research with game connection
38603322,Playing remotely: The COVID-19 pandemic and mobile locative gaming in Northeast Brazil.,2023,Mobile media & communication,D3,7,Include,Microtransaction/in-game spending research
38148441,Normalization of Chance-Based Mechanisms in Mobile Games for Children: A Descriptive Analysis.,2024,Journal of gambling studies,D3,8,Include,Loot box/gacha research with game connection
35058842,Character Customization With Cosmetic Microtransactions in Games: Subjective Experience and Objective Performance.,2021,Frontiers in psychology,D3; D4,8,Include,Virtual item ownership / psychological ownership in games
41140132,Gaming's hidden gamble: are we betting more than we realise?,2025,Irish journal of psychological medicine,D3,8,Include,Loot box/gacha research with game connection
36274342,Not all games are created equal: Adolescents who play and spend money on simulated gambling games show greater risk for gaming disorder.,2023,Addictive behaviors,D3,8,Include,Loot box/gacha research with game connection
39302638,The Mediating Role of Problematic Use of Loot Boxes Between Internet Gaming Disorder and Online Gambling Disorder: Cross-Sectional Analytical Study.,2024,JMIR serious games,D3,8,Include,Loot box/gacha research with game connection
35990074,"Prediction of problem gambling by demographics, gaming behavior and psychological correlates among gacha gamers: A cross-sectional online survey in Chinese young adults.",2022,Frontiers in psychiatry,D3,8,Include,Loot box/gacha research with game connection
36497782,"Spending Money in Free-to-Play Games: Sociodemographic Characteristics, Motives, Impulsivity and Internet Gaming Disorder Specificities.",2022,International journal of environmental research and public health,D3,7,Include,Microtransaction/in-game spending research
37151299,Loot box consumption by adolescents pre- and post- pandemic lockdown.,2023,PeerJ,D3; D4,8,Include,Loot box/gacha research with game connection
35733406,Sex Differences in Competitiveness in Massively Multiplayer Online Role-Playing Games (MMORPGs).,2022,Evolutionary psychology : an international journal of evolutionary approaches to psychology and behavior,D3,7,Include,Microtransaction/in-game spending research
32514653,Loot Boxes and Gambling: Similarities and Dissimilarities in Risk and Protective Factors.,2021,Journal of gambling studies,D3; D4,8,Include,Loot box/gacha research with game connection
41842938,Entrapment in games: Reframing persistence in the I-PACE framework.,2026,Journal of behavioral addictions,D1; D3,8,Include,Loot box/gacha research with game connection
40211461,Gay for Play: Homocapitalism in the Video Gaming Industry.,2026,Journal of homosexuality,D3,7,Include,Microtransaction/in-game spending research
33578105,"Secondary analysis of loot box data: Are high-spending ""whales"" wealthy gamers or problem gamblers?",2021,Addictive behaviors,D3,8,Include,Loot box/gacha research with game connection
40307922,"A longitudinal replication study testing migration from video game loot boxes to gambling in British Columbia, Canada.",2025,BMC psychology,D3,8,Include,Loot box/gacha research with game connection
31681510,Problem gamblers spend less money when loot boxes are removed from a game: a before and after study of Heroes of the Storm.,2019,PeerJ,D3,8,Include,Loot box/gacha research with game connection
38126068,"Exploring the relationships between psychological variables and loot box engagement, part 1: pre-registered hypotheses.",2023,Royal Society open science,D3,8,Include,Loot box/gacha research with game connection
38557083,Measuring risky loot box use: An item response theory analysis of the Risky Loot Box Index among adolescents.,2024,Psychology of addictive behaviors : journal of the Society of Psychologists in Addictive Behaviors,D3; D4,8,Include,Loot box/gacha research with game connection
32306232,The Role of Virtual Communities in Gambling and Gaming Behaviors: A Systematic Review.,2021,Journal of gambling studies,D3,7,Include,Microtransaction/in-game spending research
33604174,Effects of self-isolation and quarantine on loot box spending and excessive gaming-results of a natural experiment.,2021,PeerJ,D3,8,Include,Loot box/gacha research with game connection
37729858,"Loot boxes, gambling-related risk factors, and mental health in Mainland China: A large-scale survey.",2024,Addictive behaviors,D3,8,Include,Loot box/gacha research with game connection
40945152,Better than industry self-regulation: Compliance of mobile games with newly adopted and actively enforced loot box probability disclosure law in South Korea.,2025,Acta psychologica,D3,8,Include,Loot box/gacha research with game connection
33886033,Brief Report: Investigating the Motivations and Autistic Traits of Video Gamers.,2022,Journal of autism and developmental disorders,D5: Completionism,0,Exclude,General gaming well-being study (no collecting/hoarding angle)
35129238,"Loot box engagement: relationships with educational attainment, employment status and earnings in a cohort of 16 000 United Kingdom gamers.",2022,"Addiction (Abingdon, England)",D3,8,Include,Loot box/gacha research with game connection
31030176,"Associations between loot box use, problematic gaming and gambling, and gambling-related cognitions.",2019,Addictive behaviors,D3; D4,8,Include,Loot box/gacha research with game connection
38179078,"Exploring the relationships between psychological variables and loot box engagement, part 2: exploratory analyses of complex relationships.",2024,Royal Society open science,D3,8,Include,Loot box/gacha research with game connection
39607381,"Are Today's Gamers Tomorrow's Gamblers? The Relationship Between Problem Gaming and Online Problem Gambling, and the Indirect Effect of Purchasing Loot Boxes' Risk.",2025,"Cyberpsychology, behavior and social networking",D3,8,Include,Loot box/gacha research with game connection
34882238,Loot boxes use as a new form of gambling within video games.,2023,Adicciones,D3,8,Include,Loot box/gacha research with game connection
36998766,"Beneath the label: unsatisfactory compliance with ESRB, PEGI and IARC industry self-regulation requiring loot box presence warning labels by video game companies.",2023,Royal Society open science,D3,8,Include,Loot box/gacha research with game connection
34945245,Development and Validation of the RAFFLE: A Measure of Reasons and Facilitators for Loot Box Engagement.,2021,Journal of clinical medicine,D3,8,Include,Loot box/gacha research with game connection
33012944,The gamification of in-game advertising: Examining the role of psychological ownership and advertisement intrusiveness.,2021,International journal of information management,D4,8,Include,Virtual item ownership / psychological ownership in games
40839469,Physical card pack and especially video game loot box spending are both positively correlated with problem gambling but not linked to negative mental health: An international survey.,2026,Psychology of addictive behaviors : journal of the Society of Psychologists in Addictive Behaviors,D3,8,Include,Loot box/gacha research with game connection
36623473,Understanding adolescent esports bettors: Are they a homogeneous group?,2023,Addictive behaviors,D3,8,Include,Loot box/gacha research with game connection
35834117,To Pay or Just Play? Examining Individual Differences Between Purchasers and Earners of Loot Boxes in Overwatch.,2023,Journal of gambling studies,D3,8,Include,Loot box/gacha research with game connection
41179232,Ensuring vaccine access through local production: the need for a harmonized and sustainable approach.,2025,Journal of law and the biosciences,Cross-domain: Hoarding link,0,Exclude,Vaccination/public health paper
30845155,Loot boxes are again linked to problem gambling: Results of a replication study.,2019,PloS one,D3,8,Include,Loot box/gacha research with game connection
34267563,How Chinese Web Users Value Their Personal Information: An Empirical Study on WeChat Users.,2021,Psychology research and behavior management,D1: Loss aversion / behavioral economics; D4: Inventory / virtual possession,0,Exclude,Social media/privacy valuation paper (not video game)
40369012,Increased user engagement on YouTube for loot box content and its potential relevance for behavioural addictions.,2025,Scientific reports,D3; D4,8,Include,Loot box/gacha research with game connection
40569695,Widespread illegal video game advertising in the UK and South Korea: Many adverts not disclosing loot box presence found using Meta's ad repository.,2025,Journal of behavioral addictions,D3,8,Include,Loot box/gacha research with game connection
30940247,Hoarding all of the chips: Slot machine gambling and the foraging for coins.,2019,The Behavioral and brain sciences,D3: Gacha / Loot box; Cross-domain: Hoarding link,0,Exclude,Pure gambling study (no video game connection)
35381433,Exploring the association between loot boxes and problem gambling: Are video gamers referring to loot boxes when they complete gambling screening tools?,2022,Addictive behaviors,D3,8,Include,Loot box/gacha research with game connection
31312481,Adolescents and loot boxes: links with problem gambling and motivations for purchase.,2019,Royal Society open science,D3,8,Include,Loot box/gacha research with game connection
35933619,"Opening Pandora's Loot Box: Weak Links Between Gambling and Loot Box Expenditure in China, and Player Opinions on Probability Disclosures and Pity-Timers.",2023,Journal of gambling studies,D3,8,Include,Loot box/gacha research with game connection
41556971,"Should gaming disorder include non-digital gaming activities, e.g., collectible card games, tabletop games?",2026,Journal of behavioral addictions,D3,8,Include,Loot box/gacha research with game connection
36202911,No effect of short term exposure to gambling like reward systems on post game risk taking.,2022,Scientific reports,D3,8,Include,Loot box/gacha research with game connection
31760581,"Rare Loot Box Rewards Trigger Larger Arousal and Reward Responses, and Greater Urge to Open More Loot Boxes.",2021,Journal of gambling studies,D3; D4,8,Include,Loot box/gacha research with game connection
41058647,How gacha gaming and life quality shape problem gambling risk: insights from a cross-sectional study using Hong Kong-based online survey of young adults.,2025,Frontiers in psychiatry,D3,8,Include,Loot box/gacha research with game connection
34121958,An Evaluation of Gaming-Related Harms in Relation to Gaming Disorder and Loot Box Involvement.,2022,International journal of mental health and addiction,D3,8,Include,Loot box/gacha research with game connection
32203522,"The relationship between problem gambling, excessive gaming, psychological distress and spending on loot boxes in Aotearoa New Zealand, Australia, and the United States-A cross-national survey.",2020,PloS one,D3,8,Include,Loot box/gacha research with game connection
35954678,Response to the Regulation of Video Games under the Youth Media Protection Act: A Public Health Perspective.,2022,International journal of environmental research and public health,D3,8,Include,Loot box/gacha research with game connection
36975230,The Mediating Effect of Psychological Ownership on the Relationship between Value Co-Creation and the In-App Purchasing Intention of Mobile Games Players.,2023,"Behavioral sciences (Basel, Switzerland)",D4: Inventory / virtual possession; D5: Completionism,0,Exclude,Social media/privacy valuation paper (not video game)
35397261,"Loot boxes and problem gambling: Investigating the ""gateway hypothesis"".",2022,Addictive behaviors,D3,8,Include,Loot box/gacha research with game connection
34258146,Characteristics of Gamers who Purchase Loot Box: a Systematic Literature Review.,2021,Current addiction reports,D3,8,Include,Loot box/gacha research with game connection
29952052,Predatory monetization schemes in video games (e.g. 'loot boxes') and internet gaming disorder.,2018,"Addiction (Abingdon, England)",D3,3,Maybe,No abstract available; title suggests relevance
35434248,The role of microtransactions in Internet Gaming Disorder and Gambling Disorder: A preregistered systematic review.,2022,Addictive behaviors reports,D3,8,Include,Loot box/gacha research with game connection
34068271,"""It's the Attraction of Winning That Draws You in""-A Qualitative Investigation of Reasons and Facilitators for Videogame Loot Box Engagement in UK Gamers.",2021,Journal of clinical medicine,D3; D4,8,Include,Loot box/gacha research with game connection
40730840,The impact of environmental serious game on pro-environmental behavior through environmental psychological ownership and environmental self-efficacy.,2025,Scientific reports,D4,8,Include,Virtual item ownership / psychological ownership in games
40887505,Associations between alcohol consumption and spending on gambling like mechanisms in video games.,2025,Scientific reports,D3,8,Include,Loot box/gacha research with game connection
28439243,Relationships between Behavioural Addictions and Psychiatric Disorders: What Is Known and What Is Yet to Be Learned?,2017,Frontiers in psychiatry,Cross-domain,9,Include,Player collecting/hoarding behavior in games
38868486,Does the loot box open the door to addiction? A case report of gaming disorder with high charges for loot box purchases.,2024,PCN reports : psychiatry and clinical neurosciences,D3; D4; D5,8,Include,Loot box/gacha research with game connection
40980049,"Commentary: Prediction of problem gambling by demographics, gaming behavior and psychological correlates among gacha gamers: A cross-sectional online survey in Chinese young adults.",2025,Frontiers in psychiatry,D3,3,Maybe,No abstract available; title suggests relevance
41670808,"When Gaming Becomes Like Gambling: The Role of Flow, Immersion, Craving, and Self-control in Risky Loot Box use among Polish gamers.",2026,Journal of gambling studies,D3; D4,8,Include,Loot box/gacha research with game connection
37756294,What are the odds? Poor compliance with UK loot box probability disclosure industry self-regulation.,2023,PloS one,D3,8,Include,Loot box/gacha research with game connection
34857367,[Gambling and Internet habits in a French population with addictive disorders seeking treatment: a multicentric study].,2021,L'Encephale,Cross-domain,4,Maybe,Gaming disorder study (may contain relevant behavioral data)
37809949,Does psychological ownership influence consumer happiness in playful consumption experience? Moderating role of consumer personality and game performance.,2023,Heliyon,D4,7,Include,Virtual item ownership / psychological ownership in games
31007537,A Theory of Fairness in Labour Markets.,2015,"Japanese economic review (Oxford, England)",D1: Loss aversion / behavioral economics,0,Exclude,Labour economics paper (not video game research)
35711134,Bid outcome processing in Vickrey auctions: An ERP study.,2022,Psychophysiology,D1: Loss aversion / behavioral economics,0,Exclude,Auction/bidding experiment (not video game research)
41115014,Problematic usage of the internet: Converging and diverging terminologies and constructs.,2025,Journal of behavioral addictions,Cross-domain,9,Include,Player collecting/hoarding behavior in games
40935821,How cognitive biases affect winning probability perception in beach volleyball experts.,2025,Scientific reports,D1: Loss aversion / behavioral economics; D3: Gacha / Loot box,0,Exclude,Sports/athletics paper
40727402,Loot box spending is associated with greater distress when normalized to disposable income: a reanalysis and extension of Etchells et al. and Xiao et al.,2025,Royal Society open science,D3,8,Include,Loot box/gacha research with game connection
40438542,Non-compliance with and non-enforcement of UK loot box industry self-regulation on the Apple App Store: a longitudinal study on poor implementation.,2025,Royal Society open science,D3,8,Include,Loot box/gacha research with game connection
40596161,Evolutionary game analysis of the longitudinal integration of electronic health record based on prospect theory.,2025,Scientific reports,D1: Loss aversion / behavioral economics,0,Exclude,"Game theory (economics), not player behavior"
39430791,Colliding harms of gambling and gaming: A four-wave longitudinal population study of at-risk gambling and gaming in Finland.,2024,Nordisk alkohol- & narkotikatidskrift : NAT,D3,7,Include,Microtransaction/in-game spending research
37159337,"A scoping review of the association between loot boxes, esports, skin betting, and token wagering with gambling and video gaming behaviors.",2023,Journal of behavioral addictions,D3,8,Include,Loot box/gacha research with game connection
36748997,Neural bases of loss aversion when choosing for oneself versus known or unknown others.,2023,"Cerebral cortex (New York, N.Y. : 1991)",D1: Loss aversion / behavioral economics,3,Maybe,Neuroscience of loss aversion (no direct game focus)
38526451,Lessons learned from the pandemic: expanding the collaboration between clinical and logistics activities in a hospital.,2024,Journal of health organization and management,D4: Inventory / virtual possession,0,Exclude,Hospital logistics paper (not game research)
33662153,Eliminating buyer's remorse: An examination of the sunk cost fallacy in the National Hockey League draft.,2021,Scandinavian journal of medicine & science in sports,D1: Loss aversion / behavioral economics,0,Exclude,Sports/athletics paper
29435822,Do Simulated Gambling Activities Predict Gambling with Real Money During Adolescence? Empirical Findings from a Longitudinal Study.,2018,Journal of gambling studies,D3,7,Include,Microtransaction/in-game spending research
29443045,Routine Screening Method for Microparticles in Platelet Transfusions.,2018,Journal of visualized experiments : JoVE,D4: Inventory / virtual possession,0,Exclude,Blood bank/platelet paper (not game research)
33547599,Genetics of OCD and Related Disorders; Searching for Shared Factors.,2021,Current topics in behavioral neurosciences,Cross-domain,4,Maybe,Clinical hoarding with digital/gaming connection
17716180,Patents and nanomedicine.,2007,"Nanomedicine (London, England)",D6: Backlog,0,Exclude,Patent system paper (not game research)
29434043,Personal bests as reference points.,2018,Proceedings of the National Academy of Sciences of the United States of America,D1,6,Include,Loss aversion in game context
32502525,Industry challenges and approaches to food waste.,2020,Physiology & behavior,D4: Inventory / virtual possession,0,Exclude,Food waste/supply chain paper (not game research)
26500478,"Transcranial direct current stimulation (tDCS) in behavioral and food addiction: a systematic review of efficacy, technical, and methodological issues.",2015,Frontiers in neuroscience,Cross-domain,4,Maybe,Gambling-gaming convergence (may have relevant data)
31798507,Getting to First Base: Developmental Trajectories of Major League Baseball Players.,2019,Frontiers in psychology,D1: Loss aversion / behavioral economics,0,Exclude,Sports/athletics paper
38483865,Compounding endowment effects when trading draft picks in the Australian Football League.,2024,PloS one,D1: Loss aversion / behavioral economics,0,Exclude,Sports/athletics paper
36495471,Internet-based interventions for behavioral addictions: A systematic review.,2022,Journal of behavioral addictions,Cross-domain,9,Include,Player collecting/hoarding behavior in games
24327374,Psychiatry's new manual (DSM-5): ethical and conceptual dimensions.,2014,Journal of medical ethics,Cross-domain: Hoarding link,0,Exclude,DSM-5 taxonomy paper
36134206,Measuring loot box consumption and negative consequences: Psychometric investigation of a Swedish version of the Risky Loot Box Index.,2022,Addictive behaviors reports,D3,8,Include,Loot box/gacha research with game connection
32989778,Provision of COVID-19 Convalescent Plasma in a Resource-Constrained State.,2020,Transfusion,D4: Inventory / virtual possession; D5: Completionism,0,Exclude,COVID plasma paper
30955212,"Loot box limit-setting is not sufficient on its own to prevent players from overspending: a reply to Drummond, Sauer & Hall.",2019,"Addiction (Abingdon, England)",D3,3,Maybe,No abstract available; title suggests relevance
34992568,Impact of Personality Traits on Knowledge Hiding: A Comparative Study on Technology-Based Online and Physical Education.,2021,Frontiers in psychology,D4,7,Include,Virtual item ownership / psychological ownership in games
34706058,Mutual cheating strengthens a tropical seed dispersal mutualism.,2022,Ecology,Cross-domain: Hoarding link,0,Exclude,Ecology/biology paper
41037849,Game related over-spending across age groups and its association with gaming disorder.,2026,Addictive behaviors,D3,7,Include,Microtransaction/in-game spending research
32353204,"Excessive Spending in a ""Free-to-Play"" Smartphone Game.",2020,The American journal on addictions,D3,7,Include,Microtransaction/in-game spending research
35991334,Loot box spending is associated with problem gambling but not mental wellbeing.,2022,Royal Society open science,D3,8,Include,Loot box/gacha research with game connection
39851819,The Development and Validation of the Adolescent Problematic Gaming Scale (PGS-Adolescent).,2024,"Behavioral sciences (Basel, Switzerland)",,2,Maybe,Game-related but no strong match to specific domains
40219036,Exploring Food Addiction Across Several Behavioral Addictions: Analysis of Clinical Relevance.,2025,Nutrients,D4; Cross-domain,4,Maybe,Compulsive buying with potential game connection
37209127,Reduced loss aversion in value-based decision-making and edge-centric functional connectivity in patients with internet gaming disorder.,2023,Journal of behavioral addictions,D1,7,Include,Loss aversion in video game context
36941849,Severity of behavioral addiction symptoms among young adults using non-prescribed sedatives/hypnotics.,2023,Addictive behaviors reports,Cross-domain,4,Maybe,Compulsive buying with potential game connection
36587418,"Obsessive-compulsive, harm-avoidance and persistence tendencies in patients with gambling, gaming, compulsive sexual behavior and compulsive buying-shopping disorders/concerns.",2023,Addictive behaviors,D4; Cross-domain,4,Maybe,Gambling-gaming convergence (may have relevant data)
41822430,Food addiction in behavioral addictions: a network approach.,2026,Frontiers in psychology,Cross-domain,4,Maybe,Compulsive buying with potential game connection
39659159,Current Advances in Behavioral Addictions: From Fundamental Research to Clinical Practice.,2025,The American journal of psychiatry,D3: Gacha / Loot box; Cross-domain: Hoarding link,0,Exclude,DSM-5 taxonomy paper
36814178,"The Relationship Between Childhood Trauma, Pathological Dissociation, and Behavioral Addictions in Young Adults: Findings from a Cross-Sectional Study.",2023,Journal of trauma & dissociation : the official journal of the International Society for the Study of Dissociation (ISSD),Cross-domain,4,Maybe,Gambling-gaming convergence (may have relevant data)
33028074,Global prevalence of gaming disorder: A systematic review and meta-analysis.,2021,The Australian and New Zealand journal of psychiatry,Cross-domain,4,Maybe,Gaming disorder study (may contain relevant behavioral data)
38197896,"The relationship of game genres, in-game purchases, and playing duration with probable gaming disorder in two independent, large-scale online surveys of Japanese adults.",2024,Journal of behavioral addictions,D3,8,Include,Loot box/gacha research with game connection
34899207,Delay Discounting in Established and Proposed Behavioral Addictions: A Systematic Review and Meta-Analysis.,2021,Frontiers in behavioral neuroscience,Cross-domain,4,Maybe,Gambling-gaming convergence (may have relevant data)
31971427,Reduced loss aversion and inhibitory control in adolescents with internet gaming disorder.,2020,Psychology of addictive behaviors : journal of the Society of Psychologists in Addictive Behaviors,D1,7,Include,Loss aversion in video game context
38743487,Harm-to-self from gambling: A national study of Australian adults.,2024,Journal of behavioral addictions,D3,8,Include,Loot box/gacha research with game connection
28918416,[The methodology and sample description of the National Survey on Addiction Problems in Hungary 2015 (NSAPH 2015)].,2017,Neuropsychopharmacologia Hungarica : a Magyar Pszichofarmakologiai Egyesulet lapja = official journal of the Hungarian Association of Psychopharmacology,Cross-domain,4,Maybe,Compulsive buying with potential game connection
36606732,The relationship between problematic gambling severity and engagement with gambling products: Longitudinal analysis of the Emerging Adults Gambling Survey.,2023,"Addiction (Abingdon, England)",D3,8,Include,Loot box/gacha research with game connection
36864740,"Debate: Academics should collaborate with the technology industry, but not in lieu of noncollaborative research.",2023,Child and adolescent mental health,D3,8,Include,Loot box/gacha research with game connection
26690622,"Risk for exercise dependence, eating disorder pathology, alcohol use disorder and addictive behaviors among clients of fitness centers.",2015,Journal of behavioral addictions,D4; Cross-domain,4,Maybe,Compulsive buying with potential game connection
23157656,Biodegradation of ivory (natural apatite): possible involvement of fungal activity in biodeterioration of the Lewis Chessmen.,2013,Environmental microbiology,Cross-domain: Hoarding link,0,Exclude,Bioarchaeology paper (not game research)
41454725,[The National Survey on Addiction Problems in Hungary 2023 (NSAPH): Methodology and sample description].,2025,Neuropsychopharmacologia Hungarica : a Magyar Pszichofarmakologiai Egyesulet lapja = official journal of the Hungarian Association of Psychopharmacology,Cross-domain,4,Maybe,Gambling-gaming convergence (may have relevant data)
41391469,Gaming and gambling behaviours among Italian adolescents: a cross-sectional study.,2026,The Lancet. Public health,D3,8,Include,Loot box/gacha research with game connection
35855504,Internet use and internet-based addictive behaviours during coronavirus pandemic.,2022,Current opinion in psychiatry,Cross-domain,4,Maybe,Gambling-gaming convergence (may have relevant data)
24450756,Strategic and non-strategic problem gamblers differ on decision-making under risk and ambiguity.,2014,"Addiction (Abingdon, England)",D1: Loss aversion / behavioral economics; D3: Gacha / Loot box,0,Exclude,Pure gambling study (no video game connection)
40621506,"Seeking Satisfaction Among Israeli Young Adults: The Roles of Gratification, Compensation, Reward Deficiency Syndrome, and Compulsivity in Relation to Addictive Behaviors.",2025,Substance abuse and rehabilitation,Cross-domain,4,Maybe,Gambling-gaming convergence (may have relevant data)
34375360,Association patterns of cannabis abuse and dependence with risk of problematic non-substance-related dysregulated and addictive behaviors.,2021,PloS one,Cross-domain,4,Maybe,Compulsive buying with potential game connection
27199853,Compulsive Buying Behavior: Characteristics of Comorbidity with Gambling Disorder.,2016,Frontiers in psychology,Cross-domain,4,Maybe,Compulsive buying with potential game connection
35782446,Relating Compulsivity and Impulsivity With Severity of Behavioral Addictions: A Dynamic Interpretation of Large-Scale Cross-Sectional Findings.,2022,Frontiers in psychiatry,Cross-domain,4,Maybe,Compulsive buying with potential game connection
31916881,The rates of co-occurring behavioural addictions in treatment-seeking individuals with obsessive-compulsive disorder: a preliminary report.,2020,International journal of psychiatry in clinical practice,Cross-domain,4,Maybe,Gambling-gaming convergence (may have relevant data)
33835041,[The National Survey on Addiction Problems in Hungary 2019 (NSAPH): Methodology and sample description].,2021,Neuropsychopharmacologia Hungarica : a Magyar Pszichofarmakologiai Egyesulet lapja = official journal of the Hungarian Association of Psychopharmacology,Cross-domain,4,Maybe,Compulsive buying with potential game connection
39241535,The moderating effect of understanding advertising intent on the relation between advertising recognition and problematic use of loot boxes among minors: An exploratory study.,2024,Acta psychologica,D3,8,Include,Loot box/gacha research with game connection
34904959,Potentially addictive behaviours increase during the first six months of the Covid-19 pandemic.,2021,Journal of behavioral addictions,Cross-domain,4,Maybe,Compulsive buying with potential game connection
30746800,Loot box limit-setting: a potential policy to protect video game users with gambling problems?,2019,"Addiction (Abingdon, England)",D3,3,Maybe,No abstract available; title suggests relevance
27378999,Compulsive Buying Behavior: Clinical Comparison with Other Behavioral Addictions.,2016,Frontiers in psychology,Cross-domain,4,Maybe,Gambling-gaming convergence (may have relevant data)
40004656,Emotional Intelligence and Behavioural Addictions: A Systematic Review.,2025,Journal of clinical medicine,Cross-domain,4,Maybe,Compulsive buying with potential game connection
40248688,Psychometric properties of the Reward Deficiency Syndrome Questionnaire among a non-clinical sample and its relationship with the characteristics of potentially addictive behaviors.,2025,Addictive behaviors reports,Cross-domain,4,Maybe,Gambling-gaming convergence (may have relevant data)
40291985,Spirituality and behavioural addictions: narrative review.,2024,BJPsych international,Cross-domain,4,Maybe,Gambling-gaming convergence (may have relevant data)
26165928,The relationships between behavioral addictions and the five-factor model of personality.,2013,Journal of behavioral addictions,Cross-domain,4,Maybe,Compulsive buying with potential game connection
39338077,Physiological and Psychological Effects of Short-Term Recreational Football in Adults 60.,2024,International journal of environmental research and public health,,0,Exclude,No clear relevance to in-game collecting/hoarding behaviors
35722786,"Response to Xiao et al.: If everything is a loot box, nothing is.",2022,"Addiction (Abingdon, England)",D3,3,Maybe,No abstract available; title suggests relevance
36078369,Adolescents Who Play and Spend Money in Simulated Gambling Games Are at Heightened Risk of Gambling Problems.,2022,International journal of environmental research and public health,D3: Gacha / Loot box,0,Exclude,Pure gambling study (no video game connection)
34860130,Loss Aversion Explains Physical Activity Changes in a Behavioral Gamification Trial.,2021,Games for health journal,D1,2,Maybe,Matched domain keywords but game connection unclear
22001612,Measuring the kinetics of calcium binding proteins with flash photolysis.,2012,Biochimica et biophysica acta,,0,Exclude,Biochemistry/oncology paper (not game research)
30427931,Typology of patients with behavioral addictions or eating disorders during a one-year period of care: Exploring similarities of trajectory using growth mixture modeling coupled with latent class analysis.,2018,PloS one,Cross-domain,4,Maybe,Compulsive buying with potential game connection
18710846,Ethnic stereotypes and the underachievement of UK medical students from ethnic minorities: qualitative study.,2008,BMJ (Clinical research ed.),D5,4,Maybe,Game-related paper matching domain keywords
35754859,Problematic Shopping Behavior: An Item Response Theory Examination of the Seven-Item Bergen Shopping Addiction Scale.,2022,International journal of mental health and addiction,Cross-domain: Hoarding link,0,Exclude,Shopping/buying behavior (no video game connection)
11747570,Cooperation through indirect reciprocity: image scoring or standing strategy?,2001,Proceedings. Biological sciences,,0,Exclude,Cooperation/reciprocity game theory (not video game)
38748683,Enhancing ESG learning outcomes through gamification: An experimental study.,2024,PloS one,D4: Inventory / virtual possession; D5: Completionism,0,Exclude,Educational gamification (no video game behavior)
19848550,"The campaign against CAM and the notion of ""evidence-based"".",2009,"Journal of alternative and complementary medicine (New York, N.Y.)",,0,Exclude,Evidence-based medicine debate (not game research)
31387459,Rethinking gaming: The ethical work of optimization in web search engines.,2019,Social studies of science,,2,Maybe,Game-related but no strong match to specific domains
15757447,Matrix metalloproteinases in cancer: comparison of known and novel aspects of their inhibition as a therapeutic approach.,2005,Expert review of anticancer therapy,,0,Exclude,Biochemistry/oncology paper (not game research)
31704434,A cautious approach to public policy and loot box regulation.,2020,Addictive behaviors,D3,3,Maybe,No abstract available; title suggests relevance
33289692,Problematic shopping and self-injurious behaviors in adolescents.,2020,Journal of behavioral addictions,,0,Exclude,Shopping/buying behavior (no video game connection)
20031485,Fielders and batters are injured too: a prospective cohort study of injuries in junior club cricket.,2010,Journal of science and medicine in sport,,0,Exclude,Sports/athletics paper
23637116,"A systematic video analysis of National Hockey League (NHL) concussions, part II: how concussions occur in the NHL.",2015,British journal of sports medicine,,0,Exclude,Sports/athletics paper
29553053,Bone-targeted therapies to reduce skeletal morbidity in prostate cancer.,2018,Asian journal of andrology,,0,Exclude,Biochemistry/oncology paper (not game research)
39997959,"Technical, Tactical, and Time-Motion Match Profiles of the Forwards, Midfielders, and Defenders of a Men's Football Serie A Team.",2025,"Sports (Basel, Switzerland)",,0,Exclude,Sports/athletics paper
30881528,Persuasion with Limited Sight.,2019,Review of philosophy and psychology,,0,Exclude,Economic theory paper (not game research)
30049225,Gamification Use and Design in Popular Health and Fitness Mobile Applications.,2019,American journal of health promotion : AJHP,D1: Loss aversion / behavioral economics; D3: Gacha / Loot box,0,Exclude,Health/fitness gamification (not video game behavior)
24602325,The role of exergaming in Parkinson's disease rehabilitation: a systematic review of the evidence.,2014,Journal of neuroengineering and rehabilitation,,0,Exclude,Serious game for therapy/rehabilitation
41860608,The Problematic Behaviour Scale (PBS-5): A brief measure for the population-level screening of non-substance-bound addictive behaviours and Swiss national prevalence rates.,2026,Journal of behavioral addictions,D3: Gacha / Loot box,2,Maybe,Game-related but no strong match to specific domains
40987326,Joint commitment in human cooperative hunting through an 'imagined we'.,2025,Proceedings. Biological sciences,,4,Maybe,Game reward system research
27456652,"Coed Football: Hazards, Implications, and Alternatives.",1986,The Physician and sportsmedicine,,0,Exclude,No clear relevance to in-game collecting/hoarding behaviors
22058616,"Guidelines, editors, pharma and the biological paradigm shift.",2007,Mens sana monographs,,0,Exclude,Patent system paper (not game research)
10876972,[Changes in body composition caused by intense physical training].,2000,La Clinica terapeutica,,0,Exclude,No clear relevance to in-game collecting/hoarding behaviors
31366420,Online gaming and gaming disorder: more than just a trivial pursuit.,2022,Irish journal of psychological medicine,D3: Gacha / Loot box,4,Maybe,Gambling-gaming convergence (may have relevant data)
40422088,Bio-Inspired Swarm Confrontation Algorithm for Complex Hilly Terrains.,2025,"Biomimetics (Basel, Switzerland)",,2,Maybe,Game-related but no strong match to specific domains
27029804,Arthroscopic debridement of the ankle for mild to moderate osteoarthritis: a midterm follow-up study in former professional soccer players.,2016,Journal of orthopaedic surgery and research,,0,Exclude,No clear relevance to in-game collecting/hoarding behaviors
19839446,The five traps of performance measurement.,2009,Harvard business review,D6: Backlog,2,Maybe,Game-related but no strong match to specific domains
32045732,Is monetary reward processing altered in drug-naïve youth with a behavioral addiction? Findings from internet gaming disorder.,2020,NeuroImage. Clinical,,4,Maybe,Behavioral addiction study with gaming/hoarding component
33133767,The Impact of Compulsivity and Impulsivity in Cerebellar Ataxia: A Case Series.,2020,"Tremor and other hyperkinetic movements (New York, N.Y.)",D3: Gacha / Loot box; Cross-domain: Hoarding link,0,Exclude,No clear relevance to in-game collecting/hoarding behaviors
27363690,Who Spends Money to Play for Free? Identifying Who Makes Micro-transactions on Social Casino Games (and Why).,2017,Journal of gambling studies,D3,7,Include,Microtransaction/in-game spending research
32316282,p53 and FBXW7: Sometimes Two Guardians Are Worse than One.,2020,Cancers,,0,Exclude,No clear relevance to in-game collecting/hoarding behaviors
26441749,The Bergen Shopping Addiction Scale: reliability and validity of a brief screening test.,2015,Frontiers in psychology,Cross-domain,3,Maybe,Shopping addiction (potential cross-domain parallel to in-game purchasing)
8481964,Special considerations in the medical management of professional basketball players.,1993,Clinics in sports medicine,,0,Exclude,Sports/athletics paper
35385397,Loot box purchasing is linked to problem gambling in adolescents when controlling for monetary gambling participation.,2022,Journal of behavioral addictions,D3,8,Include,Loot box/gacha research with game connection
36107949,Emotion-focused coping mediates the relationship between COVID-related distress and compulsive buying.,2022,PloS one,Cross-domain,4,Maybe,Compulsive buying with potential game connection
35409830,Reliability of a Qualitative Instrument to Assess High-Risk Mechanisms during a 90° Change of Direction in Female Football Players.,2022,International journal of environmental research and public health,,0,Exclude,Biomechanics paper
23167030,How to be a better team player: fifty strategies.,2012,The Journal of medical practice management : MPM,,0,Exclude,No clear relevance to in-game collecting/hoarding behaviors
35129089,A systematic video analysis of 21 anterior cruciate ligament injuries in elite netball players during games.,2024,Sports biomechanics,,0,Exclude,Sports/athletics paper
38571884,"The relationship between game genre, monetization strategy and symptoms of gaming disorder in a clinical sample of adolescents.",2024,Upsala journal of medical sciences,D3,6,Include,Gaming disorder study with spending/purchasing component
35217933,Skin Gambling Contributes to Gambling Problems and Harm After Controlling for Other Forms of Traditional Gambling.,2023,Journal of gambling studies,D3,7,Include,Skin gambling research (game-linked)
35911206,Time spent playing video games is unlikely to impact well-being.,2022,Royal Society open science,,0,Exclude,General gaming well-being study (no collecting/hoarding angle)
41567349,Development and validation of screening tool for excessive and problematic use of internet and digital devices (STEPS-IDD) based on the WHO framework (ICD-11) for addictive behaviours.,2025,Frontiers in digital health,D3: Gacha / Loot box,4,Maybe,Gambling-gaming convergence (may have relevant data)
38861246,"Religiosity, Financial Risk Taking, and Reward Processing: An Experimental Study.",2025,Journal of gambling studies,D3: Gacha / Loot box,0,Exclude,No clear relevance to in-game collecting/hoarding behaviors
26236023,ERP effects and perceived exclusion in the Cyberball paradigm: Correlates of expectancy violation?,2015,Brain research,D5,4,Maybe,Game-related paper matching domain keywords
40589520,Eutrapelia and Video Games: Moral Risks With Playing Video Games as a Form of Eutrapelia.,2025,The Linacre quarterly,,0,Exclude,Moral philosophy of gaming (not behavioral research)
33101151,"Sports Teaching, Traditional Games, and Understanding in Physical Education: A Tale of Two Stories.",2020,Frontiers in psychology,,0,Exclude,Physical education/teaching paper
30241787,Feasibility of a Kinect®-based rehabilitation strategy after burn injury.,2018,Burns : journal of the International Society for Burn Injuries,D5: Completionism,0,Exclude,Sports medicine/injury paper
29410568,Comparison of sleep status among three Japanese national wheelchair basketball teams.,2018,Journal of physical therapy science,,0,Exclude,Sports/athletics paper
25477807,Are there benefits of social overinclusion? Behavioral and ERP effects in the Cyberball paradigm.,2014,Frontiers in human neuroscience,D3: Gacha / Loot box,0,Exclude,No clear relevance to in-game collecting/hoarding behaviors
34166631,A public health approach to gambling regulation: countering powerful influences.,2021,The Lancet. Public health,D3: Gacha / Loot box,0,Exclude,No clear relevance to in-game collecting/hoarding behaviors
41186668,Pay to Play or Pay to Lose? The Impact of In-game Spending in Digital Games on Gambling Problems.,2025,Journal of gambling studies,D3,7,Include,Microtransaction/in-game spending research
23604411,[The concept of behavioral addiction and limits of the term addiction].,2013,Der Nervenarzt,Cross-domain,3,Maybe,Shopping addiction (potential cross-domain parallel to in-game purchasing)
6453184,Aging and skilled problem solving.,1981,Journal of experimental psychology. General,,0,Exclude,No clear relevance to in-game collecting/hoarding behaviors
32500211,Impulsive decision-making predicts the course of substance-related and addictive disorders.,2020,Psychopharmacology,D1,2,Maybe,Matched domain keywords but game connection unclear
36467649,Effects of message delivery on cross-cultural biosecurity compliance: Insights from experimental simulations.,2022,Frontiers in veterinary science,,0,Exclude,Labour economics paper (not video game research)
36003120,"Problem mobile gaming: The role of mobile gaming habits, context, and platform.",2022,Nordisk alkohol- & narkotikatidskrift : NAT,D3; D5,7,Include,Microtransaction/in-game spending research
17296546,Good players left on the sidelines: why some synaptic vesicles don't get in the game.,2007,Neuron,D3: Gacha / Loot box,0,Exclude,No clear relevance to in-game collecting/hoarding behaviors
33397672,"Injury prevention knowledge, beliefs and strategies in elite female footballers at the FIFA Women's World Cup France 2019.",2021,British journal of sports medicine,,0,Exclude,Sports/athletics paper
39535584,"The Role of Videogame Micro-Transactions in the Relationship Between Motivations, Problem Gaming, and Problem Gambling.",2025,Journal of gambling studies,D3: Gacha / Loot box,4,Maybe,Gaming disorder study (may contain relevant behavioral data)
15697115,How to play to your strengths.,2005,Harvard business review,,0,Exclude,Sports/athletics paper
39307287,The effect of individual differences on Pavlovian conditioning in specific Internet-use disorders.,2025,Behavioural brain research,,2,Maybe,Game-related but no strong match to specific domains
27100787,Target and Non-Target Processing during Oddball and Cyberball: A Comparative Event-Related Potential Study.,2016,PloS one,D5,4,Maybe,Game-related paper matching domain keywords
40514305,Endoscopic flexor hallucis longus transfer for acute Achilles tendon ruptures is associated with a high re-rupture rate: A prospective case series.,2025,Foot and ankle surgery : official journal of the European Society of Foot and Ankle Surgeons,,0,Exclude,Sports/athletics paper
25410278,Do Social Casino Gamers Migrate to Online Gambling? An Assessment of Migration Rate and Potential Predictors.,2015,Journal of gambling studies,D3,6,Include,Free-to-play game monetization research
10532656,Factors associated with significant injuries in youth ice hockey players.,1999,Pediatric emergency care,D5: Completionism,0,Exclude,Sports/athletics paper
11894681,Are you picking the right leaders?,2002,Harvard business review,,0,Exclude,No clear relevance to in-game collecting/hoarding behaviors
30110801,Behavior analysis of virtual-item gambling.,2018,Physical review. E,D3: Gacha / Loot box,7,Include,Virtual item gambling research
27942256,When Is a New Scale not a New Scale? The Case of the Bergen Shopping Addiction Scale and the Compulsive Online Shopping Scale.,2016,International journal of mental health and addiction,Cross-domain: Hoarding link,3,Maybe,Shopping addiction (potential cross-domain parallel to in-game purchasing)
27008504,Preparing a neuropediatric upper limb exergame rehabilitation system for home-use: a feasibility study.,2016,Journal of neuroengineering and rehabilitation,,0,Exclude,Serious game for therapy/rehabilitation
25493849,Solving the collective-risk social dilemma with risky assets in well-mixed and structured populations.,2014,"Physical review. E, Statistical, nonlinear, and soft matter physics",,0,Exclude,No clear relevance to in-game collecting/hoarding behaviors
23254547,"Quantification of physiological, movement, and technical outputs during a novel small-sided game in young team sport athletes.",2013,Journal of strength and conditioning research,,0,Exclude,No clear relevance to in-game collecting/hoarding behaviors
36704251,The relationship between psycho-environmental characteristics and wellbeing in non-spending players of certain mobile games.,2023,Royal Society open science,D3,7,Include,Microtransaction/in-game spending research
41393314,Self-related motivational aspects of hindsight bias in soccer athletes.,2025,Frontiers in sports and active living,,0,Exclude,Sports/athletics paper
27870086,Health Care for NFL Players: Upholding Physician Standards and Enhancing the Doctor-Patient Relationship.,2016,The Hastings Center report,,0,Exclude,Sports/athletics paper
35604522,Motives to engage with or refrain from gambling and loot box content: an exploratory qualitative investigation.,2023,Journal of gambling studies,D3,8,Include,Loot box/gacha research with game connection
24716878,Perceiving monetary loss as due to inequity reduces behavioral and cortical responses to pain.,2014,The European journal of neuroscience,,0,Exclude,No clear relevance to in-game collecting/hoarding behaviors
27928436,Parathyroidectomy: is vitamin D a player for a good outcome?,2016,Journal of medicine and life,,0,Exclude,Pure medical paper
37915884,Loot box purchasing and indebtedness: The role of psychosocial factors and problem gambling.,2023,Addictive behaviors reports,D3,8,Include,Loot box/gacha research with game connection
