pmid,variant,tier,model,verdict,domains,reason,parse_error,latency_s,cost_usd,call_started_utc
36748997,reword,sonnet,claude-sonnet-4-6,Exclude,,fMRI study of loss aversion in financial gambles with no game context or virtual item component.,,9.56,0.029833,2026-06-03T23:45:13.566738+00:00
36998766,lenient,sonnet,claude-sonnet-4-6,Maybe,D3,Examines loot box labeling compliance; tangentially relates to D3 but focuses on regulatory/monetization aspects without behavioral or psychological measures.,,9.69,0.03082,2026-06-03T23:45:13.564157+00:00
36998766,reword,sonnet,claude-sonnet-4-6,Exclude,,"Focuses on regulatory label compliance and monetization policy, not behavioral or psychological measures of loot box collecting behavior.",,9.8,0.030299,2026-06-03T23:45:13.562175+00:00
36748997,lenient,sonnet,claude-sonnet-4-6,Exclude,D1,Studies loss aversion via fMRI gambling paradigm with no game mechanic or virtual item component.,,7.85,0.025534,2026-06-03T23:45:23.252634+00:00
36998766,reword,haiku,claude-haiku-4-5,Exclude,,"Regulatory compliance audit of loot box labeling; does not examine player hoarding behavior, collecting patterns, or psychological constructs.",,18.82,0.015449,2026-06-03T23:45:13.562054+00:00
36748997,reword,haiku,claude-haiku-4-5,Exclude,,Neuroscience study of loss aversion via experimental gambles; no digital game context or game behavior examined.,,21.61,0.016954,2026-06-03T23:45:13.566540+00:00
26690622,reword,sonnet,claude-sonnet-4-6,Exclude,,Study examines exercise dependence and behavioral addictions in fitness center clients; no game hoarding or virtual item behavior examined.,,4.55,0.025616,2026-06-03T23:45:31.105377+00:00
26690622,reword,haiku,claude-haiku-4-5,Exclude,,Measures pathological video gaming as comorbidity screen; found 0% prevalence. Does not examine game-specific hoarding behaviors or any defined domain.,,14.87,0.01577,2026-06-03T23:45:23.366052+00:00
26690622,lenient,sonnet,claude-sonnet-4-6,Exclude,,Study examines exercise dependence and addictive behaviors in fitness clients with no game-context hoarding or virtual item component.,,5.07,0.028506,2026-06-03T23:45:35.172462+00:00
40730840,reword,sonnet,claude-sonnet-4-6,Exclude,,"Studies psychological ownership in environmental context, not virtual game items or hoarding-related game behaviors.",,4.55,0.027411,2026-06-03T23:45:38.233394+00:00
40730840,lenient,sonnet,claude-sonnet-4-6,Exclude,,"Examines psychological ownership in environmental games for pro-environmental behavior, not virtual item hoarding or any review domain.",,4.02,0.025399,2026-06-03T23:45:42.785321+00:00
40730840,reword,haiku,claude-haiku-4-5,Exclude,,"Environmental serious game intervention focused on pro-environmental behavior; does not examine in-game hoarding, loot boxes, inventory, or completionism.",,11.48,0.015054,2026-06-03T23:45:35.654842+00:00
36748997,lenient,haiku,claude-haiku-4-5,Exclude,,Laboratory loss aversion study unrelated to video games; matches exclusion for gambling without game mechanics.,,28.09,0.021803,2026-06-03T23:45:23.122929+00:00
41822430,reword,sonnet,claude-sonnet-4-6,Maybe,Cross-domain,"Examines gaming disorder and compulsive buying comorbidity with FA via network analysis, but no game-specific behavioral hoarding measures.",,5.61,0.025481,2026-06-03T23:45:47.133852+00:00
26690622,lenient,haiku,claude-haiku-4-5,Exclude,,Study of exercise dependence and behavioral addictions; explicitly zero pathological video gaming. No game-specific hoarding or collecting behaviors examined.,,24.63,0.020294,2026-06-03T23:45:32.384060+00:00
36998766,lenient,haiku,claude-haiku-4-5,Maybe,D3,Discusses loot boxes and potential harms but abstract focuses on label compliance; full-text review needed.,,47.16,0.032818,2026-06-03T23:45:13.562550+00:00
41822430,lenient,sonnet,claude-sonnet-4-6,Exclude,,"Studies food addiction and behavioral addictions (gaming disorder, CBSD) without examining game-specific hoarding, inventory, loot box, or collecting behaviors.",,8.92,0.025912,2026-06-03T23:45:52.744820+00:00
40730840,lenient,haiku,claude-haiku-4-5,Exclude,,"Environmental serious game for behavior change; no virtual item hoarding, collecting, inventory, or loss aversion discussed.",,23.02,0.019553,2026-06-03T23:45:40.245450+00:00
41822430,reword,haiku,claude-haiku-4-5,Exclude,,"Gaming disorder mentioned but paper focuses on food addiction comorbidity, not in-game hoarding or game mechanics.",,22.05,0.019445,2026-06-03T23:45:46.803027+00:00
33028074,reword,sonnet,claude-sonnet-4-6,Exclude,,"Meta-analysis on gaming disorder prevalence; no examination of hoarding, collecting, inventory, loot boxes, or related behavioral domains.",,10.52,0.025511,2026-06-03T23:46:00.719161+00:00
33028074,reword,haiku,claude-haiku-4-5,Exclude,,"Studies gaming disorder prevalence generally, not specific hoarding-related game behaviors (loot, consumables, inventory, completionism) or their connection to hoarding constructs.",,24.03,0.017775,2026-06-03T23:45:57.013972+00:00
41822430,lenient,haiku,claude-haiku-4-5,Exclude,,Paper studies food addiction and behavioral addiction comorbidity; no game-specific hoarding or collecting behaviors examined.,,31.84,0.024954,2026-06-03T23:45:51.215670+00:00
31366420,reword,sonnet,claude-sonnet-4-6,Exclude,,Editorial/commentary on gaming disorder without original empirical data; no focus on hoarding-related game behaviors.,,12.87,0.024469,2026-06-03T23:46:11.238921+00:00
33028074,lenient,sonnet,claude-sonnet-4-6,Maybe,Cross-domain,"Gaming disorder meta-analysis tangentially relevant via OCD/compulsive-behavior link, but does not examine hoarding-specific game behaviors directly.",,24.53,0.034177,2026-06-03T23:46:03.265334+00:00
31366420,lenient,sonnet,claude-sonnet-4-6,Exclude,,"Editorial overview of gaming disorder and treatment; no empirical data on hoarding, inventory, loot boxes, or collecting behaviors.",,10.84,0.0249,2026-06-03T23:46:23.055150+00:00
18710846,reword,sonnet,claude-sonnet-4-6,Exclude,,"Medical education study on ethnic stereotypes; no game behavior, hoarding, or virtual item content.",,8.97,0.025252,2026-06-03T23:46:27.792733+00:00
18710846,reword,haiku,claude-haiku-4-5,Exclude,,Study concerns ethnic stereotypes in medical education; no connection to digital games or hoarding behavior.,,14.99,0.013314,2026-06-03T23:46:24.106886+00:00
31366420,reword,haiku,claude-haiku-4-5,Exclude,,"Narrative review of gaming disorder without specific focus on item hoarding, loot boxes, inventory management, or loss aversion constructs.",,30.85,0.021323,2026-06-03T23:46:08.856722+00:00
18710846,lenient,sonnet,claude-sonnet-4-6,Exclude,,"Medical education study on ethnic stereotypes; no game behavior, virtual items, hoarding, or related constructs.",,10.89,0.025669,2026-06-03T23:46:36.760574+00:00
32500211,reword,sonnet,claude-sonnet-4-6,Exclude,,"Studies addictive disorders and loss aversion clinically, but contains no game mechanic or game behavior component.",,8.78,0.025706,2026-06-03T23:46:39.708699+00:00
18710846,lenient,haiku,claude-haiku-4-5,Exclude,,"Paper examines ethnic stereotypes in medical education; no connection to games, hoarding, or related behaviors.",,16.37,0.015473,2026-06-03T23:46:33.893805+00:00
31366420,lenient,haiku,claude-haiku-4-5,Maybe,,Paper examines gaming disorder broadly; abstract unclear whether specific hoarding-related game behaviors or psychological constructs are discussed.,,31.87,0.023026,2026-06-03T23:46:21.048859+00:00
33028074,lenient,haiku,claude-haiku-4-5,Maybe,Cross-domain,Systematic review of gaming disorder; likely OCD comparison; unclear if specific behavioral domains examined without full text.,,52.71,0.036354,2026-06-03T23:46:01.664316+00:00
32500211,lenient,sonnet,claude-sonnet-4-6,Exclude,,Studies loss aversion in substance/addictive disorders with no game mechanic or virtual item component.,,10.03,0.026092,2026-06-03T23:46:48.487170+00:00
32500211,reword,haiku,claude-haiku-4-5,Exclude,,Studies loss aversion in substance use disorders; no game-related behavior or gaming context examined.,,20.1,0.017465,2026-06-03T23:46:39.096787+00:00
40219036,reword,sonnet,claude-sonnet-4-6,Exclude,,"Studies behavioral addictions and food addiction in clinical patients; no game-item hoarding, inventory, or loot box behavior examined.",,15.6,0.025635,2026-06-03T23:46:52.923392+00:00
40219036,lenient,sonnet,claude-sonnet-4-6,Exclude,,"Studies food addiction and behavioral addictions clinically; no game mechanics, virtual items, or hoarding-in-games content.",,13.18,0.026036,2026-06-03T23:46:58.521374+00:00
40219036,reword,haiku,claude-haiku-4-5,Exclude,,"Studies food addiction comorbidity in behavioral disorders including gaming disorder, but not in-game hoarding behaviors or game-specific collecting mechanics.",,21.93,0.015787,2026-06-03T23:46:50.263310+00:00
26236023,reword,sonnet,claude-sonnet-4-6,Exclude,,"Cyberball is a social exclusion paradigm; no hoarding, inventory, loot box, completionism, or related game-behavior constructs examined.",,9.91,0.025294,2026-06-03T23:47:08.521400+00:00
40219036,lenient,haiku,claude-haiku-4-5,Exclude,,"Examines food addiction across behavioral addictions including gaming disorder, but not in-game hoarding, item retention, or game-specific behaviors.",,24.42,0.016705,2026-06-03T23:46:54.373746+00:00
26236023,lenient,sonnet,claude-sonnet-4-6,Exclude,,"Cyberball is a social exclusion paradigm; no connection to hoarding, collecting, inventory, loot boxes, or any review domain.",,12.14,0.02562,2026-06-03T23:47:12.192215+00:00
26236023,reword,haiku,claude-haiku-4-5,Exclude,,"Studies social exclusion and expectancy violation in Cyberball using ERP, not hoarding, collecting, inventory, or accumulation behaviors.",,27.79,0.015483,2026-06-03T23:46:59.196879+00:00
32500211,lenient,haiku,claude-haiku-4-5,Exclude,,"No mention of games, gaming, or game-related behaviors. Studies impulsive decision-making in substance use and non-substance addictive disorders generally, not gaming contexts.",,40.09,0.026569,2026-06-03T23:46:47.646684+00:00
36814178,reword,sonnet,claude-sonnet-4-6,Exclude,,"Examines behavioral addictions broadly including gaming disorder but without any game-mechanic, hoarding, or virtual-item behavioral focus.",,11.14,0.025271,2026-06-03T23:47:18.800106+00:00
26236023,lenient,haiku,claude-haiku-4-5,Exclude,,"Paper studies neural responses to social exclusion in Cyberball using ERP methods; no examination of hoarding, accumulation, loot boxes, or inventory behaviors.",,21.22,0.016386,2026-06-03T23:47:11.702096+00:00
36814178,lenient,sonnet,claude-sonnet-4-6,Exclude,,"Studies behavioral addictions broadly (gambling, gaming disorder, compulsive buying) via trauma/dissociation lens, without examining any in-game hoarding or collecting behavior.",,14.67,0.025762,2026-06-03T23:47:26.985915+00:00
31387459,reword,haiku,claude-haiku-4-5,Exclude,,"Paper examines search engine optimization and SEO ethics; no video games, game mechanics, or hoarding behaviors discussed.",,17.9,0.01374,2026-06-03T23:47:27.740607+00:00
36814178,reword,haiku,claude-haiku-4-5,Exclude,,"Examines behavioral addictions broadly; no specific game hoarding, loot box, inventory, or completionism behaviors mentioned.",,28.62,0.020775,2026-06-03T23:47:18.431161+00:00
31387459,reword,sonnet,claude-sonnet-4-6,Exclude,,"Study examines SEO optimization practices, not digital games or hoarding-related behaviors; no game mechanic component present.",,20.06,0.025136,2026-06-03T23:47:29.944452+00:00
31387459,lenient,sonnet,claude-sonnet-4-6,Exclude,,"Paper studies SEO optimization ethics; 'gaming' refers to gaming metrics, not digital games or hoarding behaviors.",,15.54,0.025729,2026-06-03T23:47:41.658892+00:00
26165928,reword,sonnet,claude-sonnet-4-6,Exclude,,"Studies behavioral addictions and personality traits without any game-specific hoarding, inventory, or collecting behavioral constructs.",,12.08,0.025522,2026-06-03T23:47:47.049659+00:00
36814178,lenient,haiku,claude-haiku-4-5,Maybe,,Study addresses internet gaming disorder and compulsive buying; full-text review required to assess game-specific hoarding or collecting content.,,35.94,0.025059,2026-06-03T23:47:24.332446+00:00
26165928,lenient,sonnet,claude-sonnet-4-6,Maybe,Cross-domain,"Includes compulsive buying and video game addiction measures, which may link to hoarding constructs, but no direct game-item or inventory focus.",,8.74,0.026059,2026-06-03T23:47:57.197419+00:00
40987326,reword,sonnet,claude-sonnet-4-6,Exclude,,"Study examines cooperative hunting and joint commitment theory in games; no hoarding, collecting, loot box, or inventory behavior measured.",,8.49,0.025252,2026-06-03T23:48:00.272790+00:00
31387459,lenient,haiku,claude-haiku-4-5,Exclude,,"Addresses SEO optimization ethics in web search engines, not digital games or game-related hoarding behavior.",,37.96,0.045483,2026-06-03T23:47:32.919910+00:00
26165928,reword,haiku,claude-haiku-4-5,Exclude,,"Examines video game addiction broadly, not the specific gaming behaviors (hoarding, collecting, completionism, inventory paralysis, backlog) that define review scope.",,28.0,0.019679,2026-06-03T23:47:45.642156+00:00
40987326,reword,haiku,claude-haiku-4-5,Exclude,,"Examines cooperation and joint commitment in hunting games; does not address hoarding, collecting, inventory, completionism, backlog, or loss aversion.",,15.41,0.015589,2026-06-03T23:47:59.125217+00:00
40987326,lenient,sonnet,claude-sonnet-4-6,Exclude,,"Studies cooperative hunting and joint commitment in games; no connection to hoarding, collecting, loot boxes, or any review domain.",,6.82,0.025372,2026-06-03T23:48:08.767995+00:00
40987326,lenient,haiku,claude-haiku-4-5,Exclude,,"Study examines cooperative hunting and joint commitment, not hoarding, loss aversion, collecting, inventory, completionism, or backlog behaviors.",,14.02,0.015133,2026-06-03T23:48:05.936870+00:00
19839446,lenient,sonnet,claude-sonnet-4-6,Exclude,,"Business performance measurement article with no game, hoarding, or behavioral psychology content.",,7.63,0.025631,2026-06-03T23:48:15.586137+00:00
19839446,reword,sonnet,claude-sonnet-4-6,Exclude,,"Business performance measurement article with no game, hoarding, or behavioral psychology component.",,9.68,0.02526,2026-06-03T23:48:13.638229+00:00
19839446,reword,haiku,claude-haiku-4-5,Exclude,,The paper discusses business performance measurement in non-game contexts. It is not peer-reviewed academic research and contains no game-related content.,,16.34,0.015148,2026-06-03T23:48:10.875972+00:00
19839446,lenient,haiku,claude-haiku-4-5,Exclude,,Not about games or game-related behaviors; concerns corporate performance measurement instead.,,16.46,0.013545,2026-06-03T23:48:14.533885+00:00
26441749,reword,sonnet,claude-sonnet-4-6,Exclude,,Shopping addiction scale with no game component; not connected to any in-game behavioral domain.,,9.35,0.025781,2026-06-03T23:48:23.222078+00:00
26441749,reword,haiku,claude-haiku-4-5,Exclude,,"Addresses shopping addiction generally, not in-game behaviors. No game mechanics, loot boxes, gacha, inventory, or completionism examined.",,14.08,0.01407,2026-06-03T23:48:19.952485+00:00
26441749,lenient,sonnet,claude-sonnet-4-6,Exclude,,Validates a shopping addiction scale with no game component; purely compulsive-buying measurement without any game or virtual-item context.,,12.29,0.026287,2026-06-03T23:48:27.216154+00:00
26441749,lenient,haiku,claude-haiku-4-5,Exclude,,"Shopping addiction scale validation with no game component; purely retail-focused, unrelated to digital game contexts.",,16.23,0.014029,2026-06-03T23:48:23.316325+00:00
27100787,reword,sonnet,claude-sonnet-4-6,Exclude,,"Cyberball is a social exclusion paradigm; paper examines ERP neural responses, not hoarding, collecting, or game item behavior.",,10.82,0.025834,2026-06-03T23:48:32.569743+00:00
27100787,lenient,sonnet,claude-sonnet-4-6,Exclude,,"Cyberball social exclusion ERP study; no connection to hoarding, collecting, inventory, loot boxes, or game behavioral domains.",,8.29,0.02619,2026-06-03T23:48:39.502647+00:00
40291985,reword,sonnet,claude-sonnet-4-6,Exclude,,"Narrative review on spirituality and behavioural addictions; no game-specific hoarding, inventory, or collecting constructs examined.",,6.06,0.024547,2026-06-03T23:48:43.387871+00:00
27100787,reword,haiku,claude-haiku-4-5,Exclude,,"Uses Cyberball game but studies social exclusion neuroscience, not hoarding-related behaviors or psychological ownership.",,18.77,0.014703,2026-06-03T23:48:30.993547+00:00
26165928,lenient,haiku,claude-haiku-4-5,Maybe,,Measures behavioral addictions broadly; full-text needed to confirm whether video game addiction measure includes hoarding-related game constructs.,,61.61,0.038098,2026-06-03T23:47:50.007732+00:00
40291985,lenient,sonnet,claude-sonnet-4-6,Exclude,,"Narrative review on spirituality and behavioural addictions; no game-specific hoarding, inventory, loot box, or collecting behavior examined.",,4.93,0.027467,2026-06-03T23:48:49.444373+00:00
27100787,lenient,haiku,claude-haiku-4-5,Exclude,,"Studies social exclusion mechanisms in Cyberball via ERP, not hoarding-related game behaviors.",,22.38,0.018422,2026-06-03T23:48:34.028395+00:00
36495471,reword,sonnet,claude-sonnet-4-6,Exclude,,Systematic review of internet-based interventions for behavioral addictions; no in-game item retention or hoarding behavior domain examined.,,5.09,0.025346,2026-06-03T23:48:51.621538+00:00
40291985,reword,haiku,claude-haiku-4-5,Exclude,,Narrative review of behavioral addictions broadly; not systematic/empirical study; lacks game-specific hoarding behavior domain focus.,,21.52,0.019103,2026-06-03T23:48:39.551561+00:00
33835041,reword,sonnet,claude-sonnet-4-6,Exclude,,"National addiction survey with no game-specific hoarding, inventory, loot box, or completionism behavioral measures.",,7.42,0.025485,2026-06-03T23:49:01.073697+00:00
33835041,reword,haiku,claude-haiku-4-5,Exclude,,"General addiction survey including online gaming among many behavioral addictions, without focus on game-specific hoarding, loot box, or inventory behaviors.",,15.83,0.016221,2026-06-03T23:48:56.716168+00:00
36495471,lenient,sonnet,claude-sonnet-4-6,Maybe,Cross-domain,Systematic review mentions both hoarding disorder and gaming disorder as behavioral addictions; full text may reveal cross-domain links.,,17.48,0.038631,2026-06-03T23:48:56.414011+00:00
36495471,reword,haiku,claude-haiku-4-5,Exclude,,"Systematic review of behavioral addiction interventions, not hoarding behaviors in games; primarily gambling-focused.",,25.51,0.02326,2026-06-03T23:48:49.765066+00:00
40291985,lenient,haiku,claude-haiku-4-5,Maybe,,Narrative review covering gaming disorder; requires full-text review to assess relevance to game hoarding behaviors.,,31.02,0.02772,2026-06-03T23:48:47.793035+00:00
33835041,lenient,sonnet,claude-sonnet-4-6,Exclude,,"National addiction survey with no game-item hoarding, loot box, inventory, or completionism component; gaming measured only as problematic use.",,7.37,0.028465,2026-06-03T23:49:12.551306+00:00
36495471,lenient,haiku,claude-haiku-4-5,Maybe,Cross-domain,Systematic review mentioning gaming and hoarding disorders; full-text review needed to confirm game-behavior focus.,,27.34,0.023674,2026-06-03T23:48:54.377597+00:00
27199853,reword,sonnet,claude-sonnet-4-6,Exclude,,Clinical study of compulsive buying and gambling disorder comorbidity with no game mechanic or virtual item component.,,7.33,0.025624,2026-06-03T23:49:15.277691+00:00
27199853,lenient,sonnet,claude-sonnet-4-6,Exclude,,Examines compulsive buying and gambling disorder comorbidity in clinical patients; no game mechanic or virtual item component.,,9.14,0.02604,2026-06-03T23:49:19.921858+00:00
27199853,reword,haiku,claude-haiku-4-5,Exclude,,"Study examines compulsive buying and gambling disorder comorbidity in clinical patients, not in game contexts or with game mechanics.",,16.6,0.015328,2026-06-03T23:49:13.890564+00:00
35855504,reword,sonnet,claude-sonnet-4-6,Exclude,,"Narrative review of internet addictions during COVID-19 with no game-specific hoarding, loot box, inventory, or virtual item behavioral focus.",,9.56,0.025309,2026-06-03T23:49:22.606717+00:00
33835041,lenient,haiku,claude-haiku-4-5,Maybe,,Methodology paper for broad addiction survey; mentions problematic online gaming but doesn't specify hoarding-related game behaviors.,,28.27,0.024535,2026-06-03T23:49:08.491573+00:00
35855504,lenient,sonnet,claude-sonnet-4-6,Exclude,,"Narrative review of internet addictions broadly; no game-specific hoarding, inventory, loot box, or collecting behavior examined.",,8.41,0.02565,2026-06-03T23:49:30.493254+00:00
34375360,reword,sonnet,claude-sonnet-4-6,Exclude,,"Studies cannabis abuse associations with problematic video gaming as a dysregulated behavior, lacking any hoarding, collecting, or inventory-related game constructs.",,6.98,0.025579,2026-06-03T23:49:36.765732+00:00
35855504,reword,haiku,claude-haiku-4-5,Exclude,,"Narrative review of broad internet addictions; lacks focus on specific in-game hoarding, gacha, or inventory behaviors. Does not meet empirical-study requirement.",,22.05,0.017158,2026-06-03T23:49:21.717027+00:00
34375360,lenient,sonnet,claude-sonnet-4-6,Exclude,,"Focuses on cannabis abuse and addictive behaviors broadly; no game items, inventory, loot boxes, or hoarding constructs examined.",,7.56,0.02592,2026-06-03T23:49:43.744806+00:00
34375360,reword,haiku,claude-haiku-4-5,Exclude,,"Paper examines broad problematic video gaming and compulsive buying as separate outcomes, not specific in-game hoarding or item-retention behaviors.",,23.82,0.020533,2026-06-03T23:49:32.171891+00:00
34992568,reword,sonnet,claude-sonnet-4-6,Exclude,,Study examines knowledge hiding in organizations; no game component or gaming behavior present.,,6.28,0.024986,2026-06-03T23:49:51.303016+00:00
34992568,reword,haiku,claude-haiku-4-5,Exclude,,"Studies organizational knowledge hiding in educational contexts; no game mechanics, virtual items, or game-related constructs examined.",,15.93,0.01577,2026-06-03T23:49:43.767214+00:00
34992568,lenient,sonnet,claude-sonnet-4-6,Exclude,,"Study examines knowledge hiding in organizations, with no game component or hoarding-related game behavior.",,5.38,0.025462,2026-06-03T23:49:57.579190+00:00
35855504,lenient,haiku,claude-haiku-4-5,Maybe,,"Narrative review of internet addictions including gaming disorder and compulsive buying, but doesn't focus on hoarding-related gaming behaviors.",,37.02,0.030181,2026-06-03T23:49:29.060098+00:00
34992568,lenient,haiku,claude-haiku-4-5,Exclude,,"Study concerns organizational knowledge hiding, not digital games; zero game-related content.",,12.65,0.014327,2026-06-03T23:49:55.988924+00:00
30110801,reword,sonnet,claude-sonnet-4-6,Exclude,,"Physics study of gambling logs using random-walk models; no game mechanic, behavioral, or psychological hoarding constructs examined.",,6.83,0.024615,2026-06-03T23:50:02.955919+00:00
27199853,lenient,haiku,claude-haiku-4-5,Maybe,Cross-domain,Compulsive buying and gambling study; gaming mentioned as comorbid addiction; full-text review needed to assess game behavior relevance.,,51.25,0.039226,2026-06-03T23:49:18.816259+00:00
30110801,lenient,sonnet,claude-sonnet-4-6,Exclude,,Pure statistical physics analysis of gambling logs with no behavioral/psychological measures or game-mechanic component.,,6.22,0.024941,2026-06-03T23:50:08.638549+00:00
30110801,reword,haiku,claude-haiku-4-5,Exclude,,"Physics-focused random walk analysis of gambling patterns; lacks behavioral or psychological measures related to hoarding, loss aversion, or collecting constructs.",,16.08,0.017226,2026-06-03T23:49:59.696744+00:00
41037849,reword,sonnet,claude-sonnet-4-6,Exclude,,Focuses on gaming disorder and financial overspending without behavioral or psychological hoarding constructs; no relevant domain coverage.,,7.25,0.025234,2026-06-03T23:50:10.068123+00:00
41037849,lenient,sonnet,claude-sonnet-4-6,Maybe,D3|Cross-domain,Examines in-game microtransaction overspending linked to gaming disorder; tangentially relevant to D3 and compulsive-buying constructs.,,6.69,0.025845,2026-06-03T23:50:15.775292+00:00
34375360,lenient,haiku,claude-haiku-4-5,Maybe,,Study links substance abuse with problematic gaming and other addictions but does not examine specific game hoarding constructs.,,48.52,0.039202,2026-06-03T23:49:38.901530+00:00
41454725,reword,sonnet,claude-sonnet-4-6,Exclude,,"National addiction epidemiology survey with no game-specific hoarding, inventory, or virtual item behavioral measures.",,4.99,0.027977,2026-06-03T23:50:22.463457+00:00
41454725,lenient,sonnet,claude-sonnet-4-6,Exclude,,"National addiction epidemiology survey; includes gaming disorder but no game-specific hoarding, loot box, inventory, or collecting behavior examined.",,6.44,0.025995,2026-06-03T23:50:27.449512+00:00
40569695,reword,haiku,claude-haiku-4-5,Exclude,,"Examines loot box advertising compliance, not player collecting behavior or hoarding-related psychological constructs.",,14.21,0.016498,2026-06-03T23:50:33.887780+00:00
30110801,lenient,haiku,claude-haiku-4-5,Maybe,,Title mentions virtual-item gambling but abstract describes mathematical modeling of pure gambling patterns; unclear if paper addresses item-related behavioral domains.,,45.33,0.032885,2026-06-03T23:50:06.077820+00:00
41454725,lenient,haiku,claude-haiku-4-5,Maybe,,Methodological paper on survey measuring gaming disorder and compulsive buying; game-specific hoarding behaviors not evident in abstract; full-text review needed.,,28.24,0.022787,2026-06-03T23:50:27.424519+00:00
40569695,reword,sonnet,claude-sonnet-4-6,Exclude,,"Studies loot box advertising compliance and regulation, not player hoarding behavior or psychological constructs.",,8.05,0.025309,2026-06-03T23:50:48.095227+00:00
41454725,reword,haiku,claude-haiku-4-5,Maybe,,Surveys gaming disorder and compulsive buying; unclear if specific in-game hoarding behaviors examined.,,40.24,0.028748,2026-06-03T23:50:17.319689+00:00
41037849,reword,haiku,claude-haiku-4-5,Exclude,,"Paper addresses gaming disorder and overspending, not item hoarding, collecting, or inventory management.",,50.98,0.038908,2026-06-03T23:50:09.786053+00:00
40569695,lenient,sonnet,claude-sonnet-4-6,Maybe,D3,"Studies loot box advertising compliance; behavioral/psychological measures absent, but loot box prevalence data may inform D3 context.",,6.78,0.02583,2026-06-03T23:50:55.670110+00:00
26500478,reword,sonnet,claude-sonnet-4-6,Exclude,,"Focuses on brain stimulation treatment for behavioral addictions; no game mechanics, virtual items, or hoarding-related game behavior examined.",,7.68,0.025192,2026-06-03T23:50:57.559273+00:00
41037849,lenient,haiku,claude-haiku-4-5,Include,D3|Cross-domain,Peer-reviewed empirical study of overspending on in-game purchases linked to gaming disorder; relevant to D3 and compulsive-behavior domains.,,51.07,0.037761,2026-06-03T23:50:14.863618+00:00
26500478,lenient,sonnet,claude-sonnet-4-6,Exclude,,"Systematic review of brain stimulation for behavioral addictions; no game mechanics, inventory, or hoarding-domain content.",,4.8,0.025519,2026-06-03T23:51:02.447680+00:00
41115014,reword,sonnet,claude-sonnet-4-6,Exclude,,"Systematic review on PUI terminology; digital hoarding mentioned without any game component, failing inclusion criterion 3.",,5.35,0.02499,2026-06-03T23:51:05.931499+00:00
41115014,lenient,sonnet,claude-sonnet-4-6,Exclude,,Terminological/conceptual review of internet use disorders; digital hoarding mentioned only as subcategory without game component.,,4.15,0.025391,2026-06-03T23:51:11.283361+00:00
26500478,reword,haiku,claude-haiku-4-5,Exclude,,Systematic review of tDCS treatment efficacy for behavioral addictions; does not examine specific game-hoarding behaviors or psychological mechanisms.,,19.38,0.017584,2026-06-03T23:50:56.145162+00:00
26500478,lenient,haiku,claude-haiku-4-5,Exclude,,Treatment intervention study examining tDCS efficacy for behavioral addictions; not examining hoarding behavioral patterns in games.,,19.22,0.018228,2026-06-03T23:51:00.827540+00:00
41567349,reword,sonnet,claude-sonnet-4-6,Exclude,,"Screening tool for general digital addictions; no game-specific hoarding, loot box, inventory, or collectible behavior examined.",,4.58,0.025624,2026-06-03T23:51:15.529630+00:00
41567349,lenient,sonnet,claude-sonnet-4-6,Exclude,,"Validates a general addiction screening tool with no focus on in-game item hoarding, loot boxes, or any target domain behavior.",,5.03,0.047001,2026-06-03T23:51:20.112570+00:00
41567349,reword,haiku,claude-haiku-4-5,Exclude,,"General problematic gaming screening tool without specific focus on hoarding-related in-game behaviors (item retention, loot boxes, inventory paralysis, completionism, backlog).",,13.89,0.016868,2026-06-03T23:51:15.429087+00:00
41115014,reword,haiku,claude-haiku-4-5,Exclude,,"Terminological review of PUI; treats digital hoarding and online gaming as separate subcategories, excluding game-specific hoarding focus.",,25.69,0.022897,2026-06-03T23:51:05.240749+00:00
23604411,reword,sonnet,claude-sonnet-4-6,Exclude,,Conceptual/nosological editorial on behavioral addiction categories; no empirical game-specific hoarding or behavioral data presented.,,5.3,0.024337,2026-06-03T23:51:29.323118+00:00
40569695,lenient,haiku,claude-haiku-4-5,Maybe,D3,Loot box advertising compliance study; full-text review needed to assess behavioral focus.,,46.29,0.028681,2026-06-03T23:50:51.408247+00:00
23604411,lenient,sonnet,claude-sonnet-4-6,Maybe,Cross-domain,Discusses compulsive buying and behavioral addiction including excessive computer use; may link to game-related hoarding constructs tangentially.,,4.97,0.024784,2026-06-03T23:51:34.619502+00:00
34904959,reword,sonnet,claude-sonnet-4-6,Exclude,,"Measures gaming frequency as an addictive behaviour broadly; no game-specific hoarding, collecting, inventory, or completionism constructs examined.",,4.8,0.025474,2026-06-03T23:51:39.592681+00:00
41115014,lenient,haiku,claude-haiku-4-5,Exclude,,"Paper examines digital hoarding in broad internet-use context, not game-specific hoarding behaviors.",,37.41,0.029805,2026-06-03T23:51:07.243983+00:00
23604411,reword,haiku,claude-haiku-4-5,Exclude,,"Conceptual discussion of behavioral addiction broadly; no focus on game-specific hoarding, loot boxes, gacha, or inventory behaviors.",,19.72,0.018494,2026-06-03T23:51:25.142699+00:00
23604411,lenient,haiku,claude-haiku-4-5,Exclude,,Published in German (fails language criterion); conceptual discussion without empirical game data.,,17.2,0.017838,2026-06-03T23:51:30.928873+00:00
34904959,lenient,sonnet,claude-sonnet-4-6,Exclude,,"Gaming measured as general addictive behavior frequency only; no game-specific hoarding, inventory, loot box, or loss aversion constructs examined.",,4.07,0.028379,2026-06-03T23:51:44.652267+00:00
34904959,reword,haiku,claude-haiku-4-5,Exclude,,Studies gaming as one of eight generic addictive behaviors; does not examine in-game hoarding mechanics or connect to hoarding disorder constructs.,,13.51,0.021093,2026-06-03T23:51:37.695524+00:00
41140132,reword,sonnet,claude-sonnet-4-6,Exclude,,Editorial opinion piece without original data; explicitly excluded under exclusion criterion 4.,,4.55,0.024615,2026-06-03T23:51:48.125303+00:00
41567349,lenient,haiku,claude-haiku-4-5,Maybe,,Develops gaming disorder screening tool; full-text review needed to determine relevance to in-game hoarding or collecting behaviors.,,34.42,0.026719,2026-06-03T23:51:20.048540+00:00
40422088,reword,sonnet,claude-sonnet-4-6,Exclude,,"Bio-inspired swarm AI algorithm for game terrain; no behavioral, psychological, or hoarding-related constructs examined.",,6.49,0.026271,2026-06-03T23:51:54.464190+00:00
40422088,reword,haiku,claude-haiku-4-5,Exclude,,"Algorithm paper on swarm combat AI; lacks examination of hoarding, collecting, inventory, completionism, or player psychological behaviors.",,10.6,0.015864,2026-06-03T23:51:52.678812+00:00
41140132,lenient,sonnet,claude-sonnet-4-6,Exclude,D3|Cross-domain,"Explicitly an editorial without original data, matching Exclusion Criterion 4 unambiguously.",,15.21,0.032035,2026-06-03T23:51:51.204721+00:00
41140132,reword,haiku,claude-haiku-4-5,Exclude,,Editorial without original data; exclusion criterion 4 explicitly disqualifies editorials and commentaries.,,21.65,0.047237,2026-06-03T23:51:44.861230+00:00
38197896,reword,sonnet,claude-sonnet-4-6,Maybe,D3,"Examines in-game purchases and loot box charges in relation to Gaming Disorder, touching D3, but focuses primarily on GD diagnosis not hoarding behavior.",,5.16,0.025459,2026-06-03T23:52:06.508737+00:00
40422088,lenient,haiku,claude-haiku-4-5,Exclude,,"Paper studies swarm game AI algorithms, not player hoarding behaviors or psychological constructs.",,14.17,0.014123,2026-06-03T23:52:00.952824+00:00
40422088,lenient,sonnet,claude-sonnet-4-6,Exclude,,"Game AI algorithm paper on swarm tactics; no behavioral, psychological, or hoarding-related constructs examined.",,13.48,0.026612,2026-06-03T23:52:03.280570+00:00
34904959,lenient,haiku,claude-haiku-4-5,Maybe,,Gaming mentioned but scope unclear; full-text review needed to confirm game-hoarding behavior examination.,,34.6,0.028441,2026-06-03T23:51:44.395119+00:00
41140132,lenient,haiku,claude-haiku-4-5,Exclude,D1|D3|Cross-domain,Editorial without original empirical data; explicit exclusion criterion 4.,,31.08,0.025595,2026-06-03T23:51:48.717508+00:00
38197896,lenient,sonnet,claude-sonnet-4-6,Maybe,D3|Cross-domain,"Examines in-game purchases and loot box charges in relation to gaming disorder, tangentially relevant to D3 and compulsive behavior constructs.",,4.96,0.02586,2026-06-03T23:52:15.127984+00:00
36107949,reword,sonnet,claude-sonnet-4-6,Exclude,,Examines compulsive buying in a COVID context with no game mechanic or virtual item component.,,3.77,0.028003,2026-06-03T23:52:18.996285+00:00
36107949,lenient,sonnet,claude-sonnet-4-6,Exclude,,Studies compulsive buying in a COVID context with no game component or virtual item behavior.,,4.88,0.025871,2026-06-03T23:52:20.084405+00:00
34860130,reword,sonnet,claude-sonnet-4-6,Exclude,,"Loss aversion studied in health gamification (step goals), not in a digital game context.",,3.94,0.025451,2026-06-03T23:52:24.963828+00:00
36107949,reword,haiku,claude-haiku-4-5,Exclude,,"Compulsive buying study during COVID-19 with no game component, virtual items, loot boxes, inventory, or achievement mechanics.",,14.64,0.017507,2026-06-03T23:52:16.765044+00:00
38197896,lenient,haiku,claude-haiku-4-5,Include,D3,Explicitly examines loot box charges and in-game purchases in relation to gaming disorder; directly relevant to D3.,,21.16,0.021677,2026-06-03T23:52:11.673518+00:00
38197896,reword,haiku,claude-haiku-4-5,Maybe,D3,"Examines loot box and in-game purchase behavior, but focuses on Gaming Disorder diagnosis rather than hoarding-related accumulation patterns.",,26.65,0.02206,2026-06-03T23:52:06.417439+00:00
34860130,lenient,sonnet,claude-sonnet-4-6,Maybe,D1,"Studies loss aversion in a gamification context, but the game mechanic is a health app pedometer, not a digital game.",,5.07,0.025972,2026-06-03T23:52:31.407510+00:00
41860608,reword,sonnet,claude-sonnet-4-6,Exclude,,"Population-level addictive behaviour screening tool; no examination of in-game hoarding, virtual items, loot boxes, or related constructs.",,3.49,0.028217,2026-06-03T23:52:33.067552+00:00
34860130,reword,haiku,claude-haiku-4-5,Exclude,,"Studies loss aversion in fitness gamification, not digital game behavior or hoarding constructs; lacks game context and hoarding linkage.",,18.98,0.0174,2026-06-03T23:52:22.763440+00:00
36107949,lenient,haiku,claude-haiku-4-5,Exclude,,"Study examines compulsive buying during COVID-19; no game component, virtual items, or game-related constructs mentioned.",,22.6,0.019588,2026-06-03T23:52:19.802260+00:00
41860608,lenient,sonnet,claude-sonnet-4-6,Exclude,,"Population-level addictive behaviour screening tool; gaming is peripheral with no hoarding, inventory, loot box, or collecting constructs examined.",,6.46,0.02616,2026-06-03T23:52:36.557103+00:00
38603322,reword,sonnet,claude-sonnet-4-6,Exclude,,Focuses on COVID-19 impacts on locative gaming and monetization economics without behavioral or psychological hoarding measures.,,4.15,0.025327,2026-06-03T23:52:42.404582+00:00
41860608,reword,haiku,claude-haiku-4-5,Exclude,,"Measures problematic gaming broadly; doesn't examine in-game hoarding, collecting, inventory, or completionism behaviors.",,15.85,0.016248,2026-06-03T23:52:32.831636+00:00
38603322,lenient,sonnet,claude-sonnet-4-6,Maybe,D3,"Examines microtransaction spending behavior in mobile locative games; tangential D3 relevance but focus is COVID mobility, not collecting or hoarding constructs.",,4.49,0.025909,2026-06-03T23:52:46.553805+00:00
38603322,reword,haiku,claude-haiku-4-5,Exclude,,"Examines pandemic impact on mobile game revenue models; lacks hoarding, collecting, or compulsive constructs central to review scope.",,13.6,0.016079,2026-06-03T23:52:41.744146+00:00
35722786,reword,sonnet,claude-sonnet-4-6,Exclude,,Commentary/response piece with no original data; meets exclusion criterion 4 (editorial without original data).,,5.47,0.024026,2026-06-03T23:52:51.042392+00:00
34860130,lenient,haiku,claude-haiku-4-5,Maybe,D1,"Examines loss aversion in gamification context, but fitness-tracker setting differs from digital-games scope; full-text clarification needed.",,29.36,0.024319,2026-06-03T23:52:28.899794+00:00
35722786,reword,haiku,claude-haiku-4-5,Exclude,,Commentary response without original empirical data; meets exclusion criterion 4.,,10.58,0.012905,2026-06-03T23:52:48.685802+00:00
35722786,lenient,sonnet,claude-sonnet-4-6,Exclude,,"Editorial response/commentary with no original empirical data, matching exclusion criterion 4.",,3.84,0.024337,2026-06-03T23:52:56.508859+00:00
41860608,lenient,haiku,claude-haiku-4-5,Maybe,,Paper studies problematic gaming but abstract lacks detail on hoarding-specific behavioral domains; full-text needed.,,25.06,0.021657,2026-06-03T23:52:36.477537+00:00
38603322,lenient,haiku,claude-haiku-4-5,Exclude,,"Examines pandemic-era spending behavior in locative games, not item hoarding, collecting, inventory, completionism, or backlog accumulation.",,22.06,0.021313,2026-06-03T23:52:43.019808+00:00
40248688,reword,sonnet,claude-sonnet-4-6,Exclude,,"Validates a psychometric instrument for reward deficiency; no game-specific hoarding, inventory, loot box, or completionism behavioral measures.",,10.5,0.025579,2026-06-03T23:52:59.265690+00:00
30427931,reword,sonnet,claude-sonnet-4-6,Exclude,,"Studies behavioral addiction typologies without any game-specific hoarding, inventory, gacha, or completionism behavioral measures.",,5.4,0.026571,2026-06-03T23:53:09.767141+00:00
40248688,lenient,sonnet,claude-sonnet-4-6,Maybe,Cross-domain,Psychometric validation study examining RDS in relation to gaming disorder and compulsive buying; tangential cross-domain relevance warrants full-text review.,,16.02,0.038399,2026-06-03T23:53:01.536978+00:00
35722786,lenient,haiku,claude-haiku-4-5,Maybe,D3,Response piece engaging with loot box definition; insufficient abstract to exclude per EC4 or confirm original data presence.,,23.56,0.020114,2026-06-03T23:52:55.340932+00:00
30427931,reword,haiku,claude-haiku-4-5,Exclude,,Broad behavioral addiction typology mentioning excessive videogame use but not examining game-specific hoarding mechanics or in-game behavioral constructs.,,15.44,0.015984,2026-06-03T23:53:05.075440+00:00
30427931,lenient,sonnet,claude-sonnet-4-6,Exclude,,"Behavioral addiction typology study; videogame use is incidental with no hoarding, inventory, gacha, or collecting behavioral constructs examined.",,4.74,0.025744,2026-06-03T23:53:17.558053+00:00
39307287,reword,sonnet,claude-sonnet-4-6,Exclude,,"Examines Pavlovian conditioning in gaming disorder without addressing hoarding, collecting, inventory, completionism, or virtual item retention behaviors.",,4.4,0.025204,2026-06-03T23:53:20.511309+00:00
40248688,reword,haiku,claude-haiku-4-5,Exclude,,"Validates gaming addiction scale but doesn't examine in-game hoarding, loot boxes, inventory, or completionism behaviors.",,27.8,0.025053,2026-06-03T23:52:58.255697+00:00
39307287,lenient,sonnet,claude-sonnet-4-6,Exclude,,"Study examines Pavlovian conditioning and internet-use disorders without any game-item hoarding, inventory, loot box, or collecting behavioral component.",,4.4,0.026923,2026-06-03T23:53:24.910990+00:00
27942256,reword,sonnet,claude-sonnet-4-6,Exclude,,"Commentary on scale development for shopping addiction; no game component, no behavioral/psychological game data.",,3.84,0.024926,2026-06-03T23:53:29.314104+00:00
27942256,reword,haiku,claude-haiku-4-5,Exclude,,Paper concerns online shopping addiction scales; no game component or game-related hoarding behavior examined.,,10.97,0.014775,2026-06-03T23:53:26.051193+00:00
40248688,lenient,haiku,claude-haiku-4-5,Maybe,Cross-domain,Examines IGD-CBSD relationship; lacks analysis of specific game item/hoarding behaviors.,,38.56,0.032311,2026-06-03T23:53:00.345329+00:00
27942256,lenient,sonnet,claude-sonnet-4-6,Exclude,,"Commentary on shopping addiction scales with no game component, virtual items, or hoarding-game behavior.",,6.78,0.025312,2026-06-03T23:53:37.021110+00:00
39307287,reword,haiku,claude-haiku-4-5,Exclude,,"Studies Pavlovian conditioning in internet-use disorders, not hoarding-related game behaviors (item retention, loot boxes, inventory management, completionism, backlog) or explicit connections to hoar",,27.13,0.024098,2026-06-03T23:53:18.903368+00:00
27942256,lenient,haiku,claude-haiku-4-5,Exclude,,"Paper concerns shopping addiction scales; no game component, game mechanics, or game-related behavior discussed.",,18.39,0.016432,2026-06-03T23:53:33.157140+00:00
39307287,lenient,haiku,claude-haiku-4-5,Maybe,,"Examines conditioning processes in gaming and buying-shopping behaviors but doesn't address specific hoarding, collecting, or inventory management constructs.",,30.37,0.025354,2026-06-03T23:53:22.301309+00:00
27378999,reword,haiku,claude-haiku-4-5,Exclude,,"Clinical comparison study of behavioral addictions including IGD, but does not examine in-game hoarding or item-retention behaviors.",,15.75,0.01576,2026-06-03T23:53:38.903990+00:00
27378999,lenient,sonnet,claude-sonnet-4-6,Maybe,Cross-domain,"Compulsive buying behavior is a key linking construct, but no game component is evident; full text may clarify gaming overlap.",,5.12,0.025177,2026-06-03T23:53:51.550489+00:00
30427931,lenient,haiku,claude-haiku-4-5,Exclude,,"General behavioral addiction typology study lacking specific in-game hoarding behaviors (retention, collecting, completionism, inventory, backlog) required by inclusion criteria.",,42.85,0.033228,2026-06-03T23:53:15.170467+00:00
34857367,reword,sonnet,claude-sonnet-4-6,Exclude,,"Gambling/addiction prevalence study with no game mechanic component; purely clinical, no loot box or gacha connection.",,4.54,0.025414,2026-06-03T23:53:54.649421+00:00
34857367,lenient,sonnet,claude-sonnet-4-6,Exclude,,"Focuses on gambling and internet addiction prevalence in clinical patients; no game mechanic, loot box, or virtual item component.",,4.99,0.0258,2026-06-03T23:53:58.018565+00:00
34857367,reword,haiku,claude-haiku-4-5,Exclude,,"Examines behavioral addictions broadly (gambling, gaming disorder, compulsive buying) but not game-specific hoarding mechanics like loot boxes, item retention, or completionism.",,13.66,0.013988,2026-06-03T23:53:52.673221+00:00
27378999,reword,sonnet,claude-sonnet-4-6,Exclude,,"Compares CBB to other behavioral addictions clinically; no game-specific hoarding, virtual items, or game mechanic component examined.",,23.02,0.127679,2026-06-03T23:53:43.802529+00:00
39851819,reword,sonnet,claude-sonnet-4-6,Exclude,,"Problematic gaming scale development study; no hoarding, inventory, loot box, or collecting constructs examined.",,4.19,0.024979,2026-06-03T23:54:03.013192+00:00
39851819,lenient,sonnet,claude-sonnet-4-6,Exclude,,"Scale development for general problematic gaming with no hoarding, loot box, inventory, or collecting constructs.",,4.18,0.027839,2026-06-03T23:54:06.818841+00:00
39851819,reword,haiku,claude-haiku-4-5,Exclude,,"Measures general problematic gaming consequences, not specific hoarding-related behaviors like accumulation or loot-box collecting.",,12.26,0.015743,2026-06-03T23:53:59.194004+00:00
28918416,reword,sonnet,claude-sonnet-4-6,Exclude,,"National addiction survey methodology paper; no game item hoarding, loot boxes, inventory, completionism, or virtual possession content.",,5.36,0.025717,2026-06-03T23:54:11.000867+00:00
28918416,lenient,sonnet,claude-sonnet-4-6,Exclude,,"National addiction prevalence survey with no game-item, loot box, inventory, or hoarding-in-games component.",,4.16,0.026089,2026-06-03T23:54:16.364890+00:00
39851819,lenient,haiku,claude-haiku-4-5,Exclude,,"Develops general problematic gaming scale without examining hoarding, loot boxes, completionism, backlog, or loss aversion.",,14.63,0.016497,2026-06-03T23:54:06.336847+00:00
28918416,reword,haiku,claude-haiku-4-5,Exclude,,Methodology paper describing survey design and sample; does not present empirical findings on in-game hoarding or gaming behaviors.,,16.76,0.016844,2026-06-03T23:54:07.200755+00:00
35954678,reword,sonnet,claude-sonnet-4-6,Exclude,,Policy/regulatory commentary on loot boxes without empirical behavioral or psychological data; falls under editorials/opinion without original data.,,3.98,0.025065,2026-06-03T23:54:20.970290+00:00
35954678,lenient,sonnet,claude-sonnet-4-6,Maybe,D3,Commentary on loot box regulation with public health framing; may lack original empirical data but addresses loot box harms.,,3.9,0.025466,2026-06-03T23:54:24.948135+00:00
35954678,reword,haiku,claude-haiku-4-5,Exclude,,"Regulatory policy commentary without empirical data; loot boxes mentioned only in legislative context, not studied behaviorally.",,13.17,0.016002,2026-06-03T23:54:20.529604+00:00
34857367,lenient,haiku,claude-haiku-4-5,Maybe,D3|Cross-domain,Mentions gaming disorder and online compulsive buying but primary focus is traditional gambling; full-text needed to clarify game-specific item hoarding relevance.,,40.36,0.033042,2026-06-03T23:53:56.673509+00:00
38571884,reword,sonnet,claude-sonnet-4-6,Maybe,D3,"Examines monetization strategy (F2P/loot-box adjacent) and GD symptoms, but lacks explicit focus on gacha/loot-box collecting or hoarding behaviors.",,5.17,0.025515,2026-06-03T23:54:33.696186+00:00
38571884,lenient,sonnet,claude-sonnet-4-6,Maybe,D3,Examines monetization strategies (F2P/P2P) and GD symptoms in adolescents; tangentially relevant to gacha/loot-box collecting behavior.,,4.1,0.025856,2026-06-03T23:54:38.862517+00:00
27378999,lenient,haiku,claude-haiku-4-5,Maybe,,"Compares behavioral addictions including Internet gaming disorder, but lacks explicit focus on game-specific hoarding behaviors.",,59.69,0.034364,2026-06-03T23:53:46.032736+00:00
35954678,lenient,haiku,claude-haiku-4-5,Exclude,,Regulatory commentary without empirical data on hoarding-related gaming behaviors; exclusion criterion 4.,,22.87,0.020172,2026-06-03T23:54:23.962651+00:00
38571884,reword,haiku,claude-haiku-4-5,Exclude,,Studies gaming disorder symptoms by genre/monetization; does not examine hoarding behaviors or relevant psychological constructs.,,20.09,0.020124,2026-06-03T23:54:28.845895+00:00
36864740,reword,sonnet,claude-sonnet-4-6,Exclude,,Editorial/opinion piece on research methodology and industry collaboration; no original empirical data on game hoarding behaviors.,,3.68,0.02773,2026-06-03T23:54:45.724736+00:00
36864740,lenient,sonnet,claude-sonnet-4-6,Exclude,,Editorial/debate commentary on research methodology with no original behavioral or psychological data on game hoarding constructs.,,4.6,0.025582,2026-06-03T23:54:48.933390+00:00
36864740,reword,haiku,claude-haiku-4-5,Exclude,,Editorial debate piece without original empirical data; violates Exclusion Criterion 4 (commentaries without original data).,,14.45,0.016275,2026-06-03T23:54:42.964320+00:00
32106893,reword,sonnet,claude-sonnet-4-6,Exclude,,"Focuses on gaming disorder prevalence and motives; no examination of hoarding, collecting, loot boxes, or virtual item behavior.",,3.95,0.025444,2026-06-03T23:54:53.536965+00:00
28918416,lenient,haiku,claude-haiku-4-5,Exclude,,"Methodology paper for addiction survey; no evidence it examines in-game hoarding, item retention, inventory management, completionism, or loss aversion behaviors.",,46.8,0.033985,2026-06-03T23:54:11.456883+00:00
32106893,reword,haiku,claude-haiku-4-5,Exclude,,"General gaming disorder survey; no examination of hoarding, gacha/loot-box collecting, inventory paralysis, or completionism behaviors.",,13.21,0.016813,2026-06-03T23:54:49.401844+00:00
32106893,lenient,sonnet,claude-sonnet-4-6,Maybe,D3,Surveys microtransaction use alongside gaming disorder; tangentially relevant to D3 but lacks item-collecting or hoarding focus.,,6.64,0.025845,2026-06-03T23:54:57.490552+00:00
36864740,lenient,haiku,claude-haiku-4-5,Exclude,,Opinion piece on research ethics without original empirical data on game hoarding behaviors; excluded per criterion 4.,,17.84,0.017237,2026-06-03T23:54:46.833524+00:00
41556971,reword,sonnet,claude-sonnet-4-6,Exclude,,Commentary with no original data; non-digital gaming focus without empirical game-behavior or hoarding psychological measures.,,3.95,0.027662,2026-06-03T23:55:02.613206+00:00
41556971,lenient,sonnet,claude-sonnet-4-6,Exclude,,Commentary with no original data; exclusion criterion 1 and 4 apply — editorial piece without empirical findings.,,4.52,0.025605,2026-06-03T23:55:04.673679+00:00
41556971,reword,haiku,claude-haiku-4-5,Exclude,,Commentary without original empirical data; explicitly excluded per exclusion criterion 4 (editorials/commentaries without original data).,,13.82,0.016933,2026-06-03T23:54:58.254359+00:00
38571884,lenient,haiku,claude-haiku-4-5,Maybe,,"F2P monetization often includes gacha mechanics; clinical GD sample potentially exhibits collecting/compulsive symptoms, but abstract lacks explicit hoarding/inventory focus.",,36.56,0.028133,2026-06-03T23:54:37.036810+00:00
36606732,lenient,sonnet,claude-sonnet-4-6,Maybe,D3,Longitudinal gambling study includes loot box purchase and skin betting as gambling-like digital game practices alongside pure gambling.,,5.21,0.02619,2026-06-03T23:55:13.600236+00:00
36606732,reword,sonnet,claude-sonnet-4-6,Maybe,D3,"Includes loot box purchase and skin betting as gambling-like digital game practices, but focuses primarily on pure gambling severity without game-mechanic behavioral measures.",,11.51,0.025939,2026-06-03T23:55:09.193831+00:00
32106893,lenient,haiku,claude-haiku-4-5,Exclude,,"Gaming disorder epidemiology study lacking focus on hoarding, collecting, inventory, completionism, loss aversion, or backlog behaviors.",,24.3,0.023006,2026-06-03T23:54:57.413806+00:00
32306232,reword,sonnet,claude-sonnet-4-6,Maybe,D3,"Reviews monetary gaming and microtransactions but focuses on community/social influence, not hoarding or collecting behavior directly.",,4.66,0.027696,2026-06-03T23:55:20.703888+00:00
32306232,lenient,sonnet,claude-sonnet-4-6,Maybe,D3,Systematic review covering microtransactions and monetary gaming communities; tangentially relevant to loot box/gacha collecting behavior.,,3.38,0.028097,2026-06-03T23:55:25.360391+00:00
36606732,lenient,haiku,claude-haiku-4-5,Include,D3,Peer-reviewed empirical study examining loot box purchase in digital games and problem gambling severity.,,19.84,0.018814,2026-06-03T23:55:12.070646+00:00
36941849,reword,sonnet,claude-sonnet-4-6,Exclude,,"Study examines behavioral addictions linked to substance use with no game hoarding, loot box, or virtual item component.",,4.67,0.02767,2026-06-03T23:55:31.907127+00:00
32306232,lenient,haiku,claude-haiku-4-5,Maybe,D3,Systematic review on gaming communities and purchase intentions; possible D3 relevance but community-focus angle unclear without full text.,,22.71,0.020033,2026-06-03T23:55:21.711695+00:00
36941849,reword,haiku,claude-haiku-4-5,Exclude,,"Studies behavioral addictions generally with NMUSH; lacks game-hoarding specificity (loot boxes, gacha, items, inventory, completionism, backlog).",,17.09,0.018685,2026-06-03T23:55:28.735881+00:00
36941849,lenient,sonnet,claude-sonnet-4-6,Exclude,,"Study examines behavioral addictions and sedative use; no game hoarding, inventory, loot box, or collecting behavior addressed.",,3.87,0.025657,2026-06-03T23:55:44.422789+00:00
41556971,lenient,haiku,claude-haiku-4-5,Exclude,,"Commentary without original data; fails inclusion criterion 1 (empirical study, SR, or MA) and meets exclusion criterion 4.",,44.7,0.033662,2026-06-03T23:55:04.128784+00:00
32306232,reword,haiku,claude-haiku-4-5,Maybe,D3,Systematic review of monetary gaming communities; gacha/loot-box context present but hoarding-behavior specificity unclear.,,32.05,0.027209,2026-06-03T23:55:18.814317+00:00
40211461,reword,sonnet,claude-sonnet-4-6,Exclude,,"Focuses on homocapitalism and identity commodification; no behavioral or psychological measures of hoarding, collecting, or loss aversion.",,4.58,0.024656,2026-06-03T23:55:48.289904+00:00
36606732,reword,haiku,claude-haiku-4-5,Exclude,,Examines problem gambling severity across gambling forms including loot boxes; lacks hoarding-disorder framing and construct connection to review scope.,,47.72,0.036608,2026-06-03T23:55:06.560745+00:00
40211461,lenient,sonnet,claude-sonnet-4-6,Maybe,D3,"Focuses on LGBTQ+ cosmetic microtransactions; tangentially touches loot box/collecting behavior but primary thesis is sociocultural critique, not behavioral psychology.",,4.04,0.025177,2026-06-03T23:55:50.866335+00:00
36941849,lenient,haiku,claude-haiku-4-5,Exclude,,"Studies behavioral addictions linked to substance use, not game-specific hoarding, inventory, loot boxes, or item retention behaviors.",,22.54,0.021454,2026-06-03T23:55:36.580014+00:00
40211461,reword,haiku,claude-haiku-4-5,Exclude,,"Paper critiques LGBTQ+ commodification in games; does not examine hoarding, item retention, or loss aversion behaviors.",,14.27,0.016488,2026-06-03T23:55:45.828458+00:00
40211461,lenient,haiku,claude-haiku-4-5,Maybe,D3,Discusses cosmetics and monetization in games; requires full-text to determine if examining collecting/purchasing behavior specifically.,,37.66,0.029449,2026-06-03T23:55:48.824043+00:00
